"Id","Path","Slice Name","Alias(s)","Label","Min","Max","Must Support?","Is Modifier?","Is Summary?","Type(s)","Short","Definition","Comments","Requirements","Default Value","Meaning When Missing","Fixed Value","Pattern","Example","Minimum Value","Maximum Value","Maximum Length","Binding Strength","Binding Description","Binding Value Set","Code","Slicing Discriminator","Slicing Description","Slicing Ordered","Slicing Rules","Base Path","Base Min","Base Max","Condition(s)","Constraint(s)","Mapping: FiveWs Pattern Mapping","Mapping: Object Implementation Information","Mapping: RIM Mapping"
"EvidenceVariable","EvidenceVariable","","","",0,*,"","","","null {[]} {[]}
","A definition of an exposure, outcome, or other variable","The EvidenceVariable resource describes an element that knowledge (Evidence) is about.","The EvidenceVariable may be an exposure variable (intervention, condition, or state), a measured variable (outcome or observed parameter), or other variable (such as confounding factor).","","","","","","","","",,,,,"",,,,"EvidenceVariable",0,*,"","cnl-0:Name should be usable as an identifier for the module by machine processing applications such as code generation {name.exists() implies name.matches('^[A-Z]([A-Za-z0-9_]){1,254}$')}
","conformance.behavior,clinical.general"
"EvidenceVariable.id","EvidenceVariable.id","","","",0,1,"","","Y","id {[]} {[]}
","Logical id of this artifact","The logical id of the resource, as used in the URL for the resource. Once assigned, this value never changes.","Within the context of the FHIR RESTful interactions, the resource has an id except for cases like the create and conditional update. Otherwise, the use of the resouce id depends on the given use case.","","","","","","","","",,,,,"",,,,"Resource.id",0,1,"",""
"EvidenceVariable.meta","EvidenceVariable.meta","","","",1,1,"Y","","Y","Meta {[]} {[]}
","Metadata about the resource","The metadata about the resource. This is content that is maintained by the infrastructure. Changes to the content might not always be associated with version changes to the resource.","","","","","","","","","",,,,,"",,,,"Resource.meta",0,1,"","ele-1:All FHIR elements must have a @value or children {hasValue() or (children().count() > id.count())}
"
"EvidenceVariable.meta.id","EvidenceVariable.meta.id","","","",0,1,"","","","id {[]} {[]}
","Unique id for inter-element referencing","Unique id for the element within a resource (for internal references). This may be any string value that does not contain spaces.","","","","","","","","","",,,,,"",,,,"Element.id",0,1,"ele-1
","","n/a"
"EvidenceVariable.meta.extension","EvidenceVariable.meta.extension","","extensions
user content","",0,*,"","","","Extension {[]} {[]}
","Additional content defined by implementations","May be used to represent additional information that is not part of the basic definition of the element. To make the use of extensions safe and managable, there is a strict set of governance applied to the definition and use of extensions. Though any implementer can define an extension, there is a set of requirements that SHALL be met as part of the definition of the extension.","There can be no stigma associated with the use of extensions by any application, project, or standard - regardless of the institution or jurisdiction that uses or defines the extensions.  The use of extensions is what allows the FHIR specification to retain a core level of simplicity for everyone.","","","","","","","","",,,,,"","value:url}
","Extensions are always sliced by (at least) url",,"open","Element.extension",0,*,"","ele-1:All FHIR elements must have a @value or children {hasValue() or (children().count() > id.count())}
ext-1:Must have either extensions or value[x], not both {extension.exists() != value.exists()}","n/a"
"EvidenceVariable.meta.versionId","EvidenceVariable.meta.versionId","","","",0,1,"","","Y","id {[]} {[]}
","Version specific identifier","The version specific identifier, as it appears in the version portion of the URL. This value changes when the resource is created, updated, or deleted.","The server assigns this value, and ignores what the client specifies, except in the case that the server is imposing version integrity on updates/deletes.","","","","","","","","",,,,,"",,,,"Meta.versionId",0,1,"","ele-1:All FHIR elements must have a @value or children {hasValue() or (children().count() > id.count())}
"
"EvidenceVariable.meta.lastUpdated","EvidenceVariable.meta.lastUpdated","","","",0,1,"","","Y","instant {[]} {[]}
","When the resource version last changed","When the resource last changed - e.g. when the version changed.","This element is generally omitted in instances submitted in a PUT or POST. Instead, it is populated in the response instance and when retrieving information using a GET. The server / resource manager sets this value; what a client provides is irrelevant. This is equivalent to the HTTP Last-Modified and SHOULD have the same value on a [read](http://hl7.org/fhir/R5/http.html#read) interaction.","","","","","","","","",,,,,"",,,,"Meta.lastUpdated",0,1,"","ele-1:All FHIR elements must have a @value or children {hasValue() or (children().count() > id.count())}
"
"EvidenceVariable.meta.source","EvidenceVariable.meta.source","","","",0,1,"Y","","Y","uri {[]} {[]}
","Identifies where the resource comes from","A uri that identifies the source system of the resource. This provides a minimal amount of [Provenance](provenance.html#) information that can be used to track or differentiate the source of information in the resource. The source may identify another FHIR server, document, message, database, etc.","The exact use of the source (and the possible implied Provenance.entity.role and agent.role) is left to implementer discretion. Only one nominated source is allowed; for additional provenance details, a full Provenance resource should be used. The source may correspond to Provenance.entity.what[x] or Provenance.agent.who[x], though it may be a more general or abstract reference. 

This element can be used to indicate where the current master source of a resource that has a canonical URL if the resource is no longer hosted at the canonical URL.","","","","","","","","",,,,,"",,,,"Meta.source",0,1,"","ele-1:All FHIR elements must have a @value or children {hasValue() or (children().count() > id.count())}
"
"EvidenceVariable.meta.profile","EvidenceVariable.meta.profile","","","",1,*,"Y","","Y","canonical {[]} {[CanonicalType[http://hl7.org/fhir/StructureDefinition/StructureDefinition]]}
","Profiles this resource claims to conform to","A list of profiles (references to [StructureDefinition](structuredefinition.html#) resources) that this resource claims to conform to. The URL is a reference to [StructureDefinition.url](structuredefinition-definitions.html#StructureDefinition.url).","It is up to the server and/or other infrastructure of policy to determine whether/how these claims are verified and/or updated over time.  The list of profile URLs is a set.","","","","","","","","",,,,,"",,,,"Meta.profile",0,*,"","ele-1:All FHIR elements must have a @value or children {hasValue() or (children().count() > id.count())}
"
"EvidenceVariable.meta.security","EvidenceVariable.meta.security","","","",0,*,"","","Y","Coding {[]} {[]}
","Security Labels applied to this resource","Security labels applied to this resource. These tags connect specific resources to the overall security policy and infrastructure.","The security labels can be updated without changing the stated version of the resource. The list of security labels is a set. Uniqueness is based the system/code, and version and display are ignored.","","","","","","","","",,"extensible","Security Labels from the Healthcare Privacy and Security Classification System.","http://hl7.org/fhir/ValueSet/security-labels","",,,,"Meta.security",0,*,"","ele-1:All FHIR elements must have a @value or children {hasValue() or (children().count() > id.count())}
"
"EvidenceVariable.meta.tag","EvidenceVariable.meta.tag","","","",0,*,"","","Y","Coding {[]} {[]}
","Tags applied to this resource","Tags applied to this resource. Tags are intended to be used to identify and relate resources to process and workflow, and applications are not required to consider the tags when interpreting the meaning of a resource.","The tags can be updated without changing the stated version of the resource. The list of tags is a set. Uniqueness is based the system/code, and version and display are ignored.","","","","","","","","",,"example","Codes that represent various types of tags, commonly workflow-related; e.g. ""Needs review by Dr. Jones"".","http://hl7.org/fhir/ValueSet/common-tags","",,,,"Meta.tag",0,*,"","ele-1:All FHIR elements must have a @value or children {hasValue() or (children().count() > id.count())}
"
"EvidenceVariable.implicitRules","EvidenceVariable.implicitRules","","","",0,1,"","Y","Y","uri {[]} {[]}
","A set of rules under which this content was created","A reference to a set of rules that were followed when the resource was constructed, and which must be understood when processing the content. Often, this is a reference to an implementation guide that defines the special rules along with other profiles etc.","Asserting this rule set restricts the content to be only understood by a limited set of trading partners. This inherently limits the usefulness of the data in the long term. However, the existing health eco-system is highly fractured, and not yet ready to define, collect, and exchange data in a generally computable sense. Wherever possible, implementers and/or specification writers should avoid using this element. Often, when used, the URL is a reference to an implementation guide that defines these special rules as part of its narrative along with other profiles, value sets, etc.","","","","","","","","",,,,,"",,,,"Resource.implicitRules",0,1,"","ele-1:All FHIR elements must have a @value or children {hasValue() or (children().count() > id.count())}
"
"EvidenceVariable.language","EvidenceVariable.language","","","",0,1,"","","","code {[]} {[]}
","Language of the resource content","The base language in which the resource is written.","Language is provided to support indexing and accessibility (typically, services such as text to speech use the language tag). The html language tag in the narrative applies  to the narrative. The language tag on the resource may be used to specify the language of other presentations generated from the data in the resource. Not all the content has to be in the base language. The Resource.language should not be assumed to apply to the narrative automatically. If a language is specified, it should it also be specified on the div element in the html (see rules in HTML5 for information about the relationship between xml:lang and the html lang attribute).","","","","","","","","",,"required","IETF language tag for a human language","http://hl7.org/fhir/ValueSet/all-languages|5.0.0","",,,,"Resource.language",0,1,"","ele-1:All FHIR elements must have a @value or children {hasValue() or (children().count() > id.count())}
"
"EvidenceVariable.text","EvidenceVariable.text","","narrative
htmlxhtmldisplay","",0,1,"","","","Narrative {[]} {[]}
","Text summary of the resource, for human interpretation","A human-readable narrative that contains a summary of the resource and can be used to represent the content of the resource to a human. The narrative need not encode all the structured data, but is required to contain sufficient detail to make it ""clinically safe"" for a human to just read the narrative. Resource definitions may define what content should be represented in the narrative to ensure clinical safety.","Contained resources do not have a narrative. Resources that are not contained SHOULD have a narrative. In some cases, a resource may only have text with little or no additional discrete data (as long as all minOccurs=1 elements are satisfied).  This may be necessary for data from legacy systems where information is captured as a ""text blob"" or where text is additionally entered raw or narrated and encoded information is added later.","","","","","","","","",,,,,"",,,,"DomainResource.text",0,1,"dom-6
","ele-1:All FHIR elements must have a @value or children {hasValue() or (children().count() > id.count())}
","Act.text?"
"EvidenceVariable.contained","EvidenceVariable.contained","","inline resources
anonymous resourcescontained resources","",0,*,"","","","Resource {[]} {[]}
","Contained, inline Resources","These resources do not have an independent existence apart from the resource that contains them - they cannot be identified independently, nor can they have their own independent transaction scope. This is allowed to be a Parameters resource if and only if it is referenced by a resource that provides context/meaning.","This should never be done when the content can be identified properly, as once identification is lost, it is extremely difficult (and context dependent) to restore it again. Contained resources may have profiles and tags in their meta elements, but SHALL NOT have security labels.","","","","","","","","",,,,,"",,,,"DomainResource.contained",0,*,"dom-2
dom-4dom-3dom-5","","N/A"
"EvidenceVariable.extension","EvidenceVariable.extension","","extensions
user content","",0,*,"","","","Extension {[]} {[]}
","Additional content defined by implementations","May be used to represent additional information that is not part of the basic definition of the resource. To make the use of extensions safe and managable, there is a strict set of governance applied to the definition and use of extensions. Though any implementer can define an extension, there is a set of requirements that SHALL be met as part of the definition of the extension.","There can be no stigma associated with the use of extensions by any application, project, or standard - regardless of the institution or jurisdiction that uses or defines the extensions.  The use of extensions is what allows the FHIR specification to retain a core level of simplicity for everyone.","","","","","","","","",,,,,"",,,,"DomainResource.extension",0,*,"","ele-1:All FHIR elements must have a @value or children {hasValue() or (children().count() > id.count())}
ext-1:Must have either extensions or value[x], not both {extension.exists() != value.exists()}","N/A"
"EvidenceVariable.modifierExtension","EvidenceVariable.modifierExtension","","extensions
user content","",0,*,"","Y","Y","Extension {[]} {[]}
","Extensions that cannot be ignored","May be used to represent additional information that is not part of the basic definition of the resource and that modifies the understanding of the element that contains it and/or the understanding of the containing element's descendants. Usually modifier elements provide negation or qualification. To make the use of extensions safe and managable, there is a strict set of governance applied to the definition and use of extensions. Though any implementer is allowed to define an extension, there is a set of requirements that SHALL be met as part of the definition of the extension. Applications processing a resource are required to check for modifier extensions.

Modifier extensions SHALL NOT change the meaning of any elements on Resource or DomainResource (including cannot change the meaning of modifierExtension itself).","There can be no stigma associated with the use of extensions by any application, project, or standard - regardless of the institution or jurisdiction that uses or defines the extensions.  The use of extensions is what allows the FHIR specification to retain a core level of simplicity for everyone.","Modifier extensions allow for extensions that *cannot* be safely ignored to be clearly distinguished from the vast majority of extensions which can be safely ignored.  This promotes interoperability by eliminating the need for implementers to prohibit the presence of extensions. For further information, see the [definition of modifier extensions](http://hl7.org/fhir/R5/extensibility.html#modifierExtension).","","","","","","","",,,,,"",,,,"DomainResource.modifierExtension",0,*,"","ele-1:All FHIR elements must have a @value or children {hasValue() or (children().count() > id.count())}
ext-1:Must have either extensions or value[x], not both {extension.exists() != value.exists()}","N/A"
"EvidenceVariable.url","EvidenceVariable.url","","","",0,1,"","","Y","uri {[]} {[]}
","Canonical identifier for this evidence variable, represented as a URI (globally unique)","An absolute URI that is used to identify this evidence variable when it is referenced in a specification, model, design or an instance; also called its canonical identifier. This SHOULD be globally unique and SHOULD be a literal address at which an authoritative instance of this evidence variable is (or will be) published. This URL can be the target of a canonical reference. It SHALL remain the same when the evidence variable is stored on different servers.","In some cases, the resource can no longer be found at the stated url, but the url itself cannot change. Implementations can use the meta.source element to indicate where the current master source of the resource can be found.","Allows the evidence variable to be referenced by a single globally unique identifier.","","","","","","","",,,,,"",,,,"EvidenceVariable.url",0,1,"","cnl-1:URL should not contain | or # - these characters make processing canonical references problematic {exists() implies matches('^[^|# ]+$')}
ele-1:All FHIR elements must have a @value or children {hasValue() or (children().count() > id.count())}","FiveWs.identifier"
"EvidenceVariable.identifier","EvidenceVariable.identifier","","","",0,*,"","","Y","Identifier {[]} {[]}
","Additional identifier for the evidence variable","A formal identifier that is used to identify this evidence variable when it is represented in other formats, or referenced in a specification, model, design or an instance.","Typically, this is used for identifiers that can go in an HL7 V3 II (instance identifier) data type, and can then identify this evidence variable outside of FHIR, where it is not possible to use the logical URI.","Allows externally provided and/or usable business identifiers to be easily associated with the module.","","","","","","","",,,,,"",,,,"EvidenceVariable.identifier",0,*,"","ele-1:All FHIR elements must have a @value or children {hasValue() or (children().count() > id.count())}
","FiveWs.identifier","no-gen-base"
"EvidenceVariable.version","EvidenceVariable.version","","","",0,1,"","","Y","string {[]} {[]}
","Business version of the evidence variable","The identifier that is used to identify this version of the evidence variable when it is referenced in a specification, model, design or instance. This is an arbitrary value managed by the evidence variable author and is not expected to be globally unique. For example, it might be a timestamp (e.g. yyyymmdd) if a managed version is not available. There is also no expectation that versions can be placed in a lexicographical sequence. To provide a version consistent with the Decision Support Service specification, use the format Major.Minor.Revision (e.g. 1.0.0). For more information on versioning knowledge assets, refer to the Decision Support Service specification. Note that a version is required for non-experimental active artifacts.","There may be different evidence variable instances that have the same identifier but different versions.  The version can be appended to the url in a reference to allow a reference to a particular business version of the evidence variable with the format [url]|[version]. The version SHOULD NOT contain a '#' - see [Business Version](http://hl7.org/fhir/R5/resource.html#bv-format).","","","","","","","","",,,,,"",,,,"EvidenceVariable.version",0,1,"","ele-1:All FHIR elements must have a @value or children {hasValue() or (children().count() > id.count())}
","FiveWs.version"
"EvidenceVariable.versionAlgorithm[x]","EvidenceVariable.versionAlgorithm[x]","","","",0,1,"","","Y","string {[]} {[]}
Coding {[]} {[]}","How to compare versions","Indicates the mechanism used to compare versions to determine which is more current.","If set as a string, this is a FHIRPath expression that has two additional context variables passed in - %version1 and %version2 and will return a negative number if version1 is newer, a positive number if version2 is newer, and a 0 if the version ordering can't successfully be determined.","","","","","","","","",,"extensible","","http://hl7.org/fhir/ValueSet/version-algorithm","",,,,"EvidenceVariable.versionAlgorithm[x]",0,1,"","ele-1:All FHIR elements must have a @value or children {hasValue() or (children().count() > id.count())}
"
"EvidenceVariable.name","EvidenceVariable.name","","","",1,1,"Y","","Y","string {[]} {[]}
","Name for this evidence variable (computer friendly)","A natural language name identifying the evidence variable. This name should be usable as an identifier for the module by machine processing applications such as code generation.","The name is not expected to be globally unique. The name should be a simple alphanumeric type name to ensure that it is machine-processing friendly.","Support human navigation and code generation.","","","","","","","",,,,,"",,,,"EvidenceVariable.name",0,1,"cnl-0
","ele-1:All FHIR elements must have a @value or children {hasValue() or (children().count() > id.count())}
"
"EvidenceVariable.title","EvidenceVariable.title","","","",0,1,"","","Y","string {[]} {[]}
","Name for this evidence variable (human friendly)","A short, descriptive, user-friendly title for the evidence variable.","This name does not need to be machine-processing friendly and may contain punctuation, white-space, etc.","","","","","","","","",,,,,"",,,,"EvidenceVariable.title",0,1,"","ele-1:All FHIR elements must have a @value or children {hasValue() or (children().count() > id.count())}
"
"EvidenceVariable.shortTitle","EvidenceVariable.shortTitle","","","",0,1,"","","Y","string {[]} {[]}
","Title for use in informal contexts","The short title provides an alternate title for use in informal descriptive contexts where the full, formal title is not necessary.","","Need to be able to reference the content by a short description, but still provide a longer, more formal title for the content.","","","","","","","",,,,,"",,,,"EvidenceVariable.shortTitle",0,1,"","ele-1:All FHIR elements must have a @value or children {hasValue() or (children().count() > id.count())}
"
"EvidenceVariable.status","EvidenceVariable.status","","","",1,1,"Y","Y","Y","code {[]} {[]}
","draft | active | retired | unknown","The status of this evidence variable. Enables tracking the life-cycle of the content.","Allows filtering of evidence variables that are appropriate for use versus not.

See guidance around (not) making local changes to elements [here](canonicalresource.html#localization).","","","","","","","","",,"required","The lifecycle status of an artifact.","http://hl7.org/fhir/ValueSet/publication-status|5.0.0","",,,,"EvidenceVariable.status",1,1,"","ele-1:All FHIR elements must have a @value or children {hasValue() or (children().count() > id.count())}
","FiveWs.status"
"EvidenceVariable.experimental","EvidenceVariable.experimental","","","",0,1,"","","","boolean {[]} {[]}
","For testing purposes, not real usage","A Boolean value to indicate that this resource is authored for testing purposes (or education/evaluation/marketing) and is not intended to be used for genuine usage.","","","","If absent, this resource is treated as though it is not experimental.","","","","","",,,,,"",,,,"EvidenceVariable.experimental",0,1,"","ele-1:All FHIR elements must have a @value or children {hasValue() or (children().count() > id.count())}
"
"EvidenceVariable.date","EvidenceVariable.date","","Revision Date
","",0,1,"","","Y","dateTime {[]} {[]}
","Date last changed","The date  (and optionally time) when the evidence variable was last significantly changed. The date must change when the business version changes and it must change if the status code changes. In addition, it should change when the substantive content of the evidence variable changes.","The date is often not tracked until the resource is published, but may be present on draft content. Note that this is not the same as the resource last-modified-date, since the resource may be a secondary representation of the evidence variable. Additional specific dates may be added as extensions or be found by consulting Provenances associated with past versions of the resource.

See guidance around (not) making local changes to elements [here](canonicalresource.html#localization).","","","","","","","","",,,,,"",,,,"EvidenceVariable.date",0,1,"","ele-1:All FHIR elements must have a @value or children {hasValue() or (children().count() > id.count())}
","FiveWs.recorded"
"EvidenceVariable.publisher","EvidenceVariable.publisher","","","",0,1,"","","Y","string {[]} {[]}
","Name of the publisher/steward (organization or individual)","The name of the organization or individual responsible for the release and ongoing maintenance of the evidence variable.","Usually an organization but may be an individual. The publisher (or steward) of the evidence variable is the organization or individual primarily responsible for the maintenance and upkeep of the evidence variable. This is not necessarily the same individual or organization that developed and initially authored the content. The publisher is the primary point of contact for questions or issues with the evidence variable. This item SHOULD be populated unless the information is available from context.","Helps establish the ""authority/credibility"" of the evidence variable.  May also allow for contact.","","","","","","","",,,,,"",,,,"EvidenceVariable.publisher",0,1,"","ele-1:All FHIR elements must have a @value or children {hasValue() or (children().count() > id.count())}
","FiveWs.witness"
"EvidenceVariable.contact","EvidenceVariable.contact","","","",0,*,"","","Y","ContactDetail {[]} {[]}
","Contact details for the publisher","Contact details to assist a user in finding and communicating with the publisher.","Extensions to ContactDetail include: contactReference, contactAddress, and contributionTime (see [Clinical Reasoning Module](clinicalreasoning-module.html)).

See guidance around (not) making local changes to elements [here](canonicalresource.html#localization).","","","","","","","","",,,,,"",,,,"EvidenceVariable.contact",0,*,"","ele-1:All FHIR elements must have a @value or children {hasValue() or (children().count() > id.count())}
"
"EvidenceVariable.description","EvidenceVariable.description","","","",0,1,"","","Y","markdown {[]} {[]}
","Natural language description of the evidence variable","A free text natural language description of the evidence variable from a consumer's perspective.","This description can be used to capture details such as comments about misuse, instructions for clinical use and interpretation, literature references, examples from the paper world, etc. It is not a rendering of the evidence variable as conveyed in the 'text' field of the resource itself. This item SHOULD be populated unless the information is available from context (e.g. the language of the evidence variable is presumed to be the predominant language in the place the evidence variable was created).","","","","","","","","",,,,,"",,,,"EvidenceVariable.description",0,1,"","ele-1:All FHIR elements must have a @value or children {hasValue() or (children().count() > id.count())}
"
"EvidenceVariable.note","EvidenceVariable.note","","","",0,*,"","","","Annotation {[]} {[]}
","Used for footnotes or explanatory notes","A human-readable string to clarify or explain concepts about the resource.","","","","","","","","","",,,,,"",,,,"EvidenceVariable.note",0,*,"","ele-1:All FHIR elements must have a @value or children {hasValue() or (children().count() > id.count())}
"
"EvidenceVariable.useContext","EvidenceVariable.useContext","","","",0,*,"","","Y","UsageContext {[]} {[]}
","The context that the content is intended to support","The content was developed with a focus and intent of supporting the contexts that are listed. These contexts may be general categories (gender, age, ...) or may be references to specific programs (insurance plans, studies, ...) and may be used to assist with indexing and searching for appropriate evidence variable instances.","When multiple useContexts are specified, there is no expectation that all or any of the contexts apply.","Assist in searching for appropriate content.","","","","","","","",,,,,"",,,,"EvidenceVariable.useContext",0,*,"","ele-1:All FHIR elements must have a @value or children {hasValue() or (children().count() > id.count())}
"
"EvidenceVariable.purpose","EvidenceVariable.purpose","","","",0,1,"","","","markdown {[]} {[]}
","Why this EvidenceVariable is defined","Explanation of why this EvidenceVariable is needed and why it has been designed as it has.","This element does not describe the usage of the EvidenceVariable. Instead, it provides traceability of ''why'' the resource is either needed or ''why'' it is defined as it is. This may be used to point to source materials or specifications that drove the structure of this EvidenceVariable.","","","","","","","","",,,,,"",,,,"EvidenceVariable.purpose",0,1,"","ele-1:All FHIR elements must have a @value or children {hasValue() or (children().count() > id.count())}
","FiveWs.why[x]","no-gen-base"
"EvidenceVariable.copyright","EvidenceVariable.copyright","","","",0,1,"","","","markdown {[]} {[]}
","Use and/or publishing restrictions","A copyright statement relating to the resource and/or its contents. Copyright statements are generally legal restrictions on the use and publishing of the resource.","","","","","","","","","",,,,,"",,,,"EvidenceVariable.copyright",0,1,"","ele-1:All FHIR elements must have a @value or children {hasValue() or (children().count() > id.count())}
"
"EvidenceVariable.copyrightLabel","EvidenceVariable.copyrightLabel","","","",0,1,"","","","string {[]} {[]}
","Copyright holder and year(s)","A short string (<50 characters), suitable for inclusion in a page footer that identifies the copyright holder, effective period, and optionally whether rights are resctricted. (e.g. 'All rights reserved', 'Some rights reserved').","The (c) symbol should NOT be included in this string. It will be added by software when rendering the notation. Full details about licensing, restrictions, warrantees, etc. goes in the more general 'copyright' element.","Defines the content expected to be rendered in all representations of the artifact.","","","","","","","",,,,,"",,,,"EvidenceVariable.copyrightLabel",0,1,"","ele-1:All FHIR elements must have a @value or children {hasValue() or (children().count() > id.count())}
"
"EvidenceVariable.approvalDate","EvidenceVariable.approvalDate","","","",0,1,"","","","date {[]} {[]}
","When the resource was approved by publisher","The date on which the resource content was approved by the publisher. Approval happens once when the content is officially approved for usage.

See guidance around (not) making local changes to elements [here](canonicalresource.html#localization).","","","","","","","","","",,,,,"",,,,"EvidenceVariable.approvalDate",0,1,"","ele-1:All FHIR elements must have a @value or children {hasValue() or (children().count() > id.count())}
"
"EvidenceVariable.lastReviewDate","EvidenceVariable.lastReviewDate","","","",0,1,"","","","date {[]} {[]}
","When the resource was last reviewed by the publisher","The date on which the resource content was last reviewed. Review happens periodically after approval but does not change the original approval date.","If specified, this date follows the original approval date.

See guidance around (not) making local changes to elements [here](canonicalresource.html#localization).","","","","","","","","",,,,,"",,,,"EvidenceVariable.lastReviewDate",0,1,"","ele-1:All FHIR elements must have a @value or children {hasValue() or (children().count() > id.count())}
"
"EvidenceVariable.effectivePeriod","EvidenceVariable.effectivePeriod","","","",0,1,"","","","Period {[]} {[]}
","When the resource is expected to be used","The period during which the resource content was or is planned to be in active use.","The effective period for an EvidenceVariable determines when the content is applicable for usage and is independent of publication and review dates. For example, a variable intended to be used for the year 2016 might be published in 2015.

See guidance around (not) making local changes to elements [here](canonicalresource.html#localization).","","","","","","","","",,,,,"",,,,"EvidenceVariable.effectivePeriod",0,1,"","ele-1:All FHIR elements must have a @value or children {hasValue() or (children().count() > id.count())}
"
"EvidenceVariable.author","EvidenceVariable.author","","","",0,*,"","","","ContactDetail {[]} {[]}
","Who authored the content","An individiual or organization primarily involved in the creation and maintenance of the content.","Extensions to ContactDetail include: contactReference, contactAddress, and contributionTime (see [Clinical Reasoning Module](clinicalreasoning-module.html)).","","","","","","","","",,,,,"",,,,"EvidenceVariable.author",0,*,"","ele-1:All FHIR elements must have a @value or children {hasValue() or (children().count() > id.count())}
",".participation[typeCode=AUT]"
"EvidenceVariable.editor","EvidenceVariable.editor","","","",0,*,"","","","ContactDetail {[]} {[]}
","Who edited the content","An individual or organization primarily responsible for internal coherence of the content.","Extensions to ContactDetail include: contactReference, contactAddress, and contributionTime (see [Clinical Reasoning Module](clinicalreasoning-module.html)).","","","","","","","","",,,,,"",,,,"EvidenceVariable.editor",0,*,"","ele-1:All FHIR elements must have a @value or children {hasValue() or (children().count() > id.count())}
"
"EvidenceVariable.reviewer","EvidenceVariable.reviewer","","","",0,*,"","","","ContactDetail {[]} {[]}
","Who reviewed the content","An individual or organization asserted by the publisher to be primarily responsible for review of some aspect of the content.","Extensions to ContactDetail include: contactReference, contactAddress, and contributionTime (see [Clinical Reasoning Module](clinicalreasoning-module.html)).

See guidance around (not) making local changes to elements [here](canonicalresource.html#localization).","","","","","","","","",,,,,"",,,,"EvidenceVariable.reviewer",0,*,"","ele-1:All FHIR elements must have a @value or children {hasValue() or (children().count() > id.count())}
",".participation[typeCode=VRF] {not clear whether VRF best corresponds to reviewer or endorser}"
"EvidenceVariable.endorser","EvidenceVariable.endorser","","","",0,*,"","","","ContactDetail {[]} {[]}
","Who endorsed the content","An individual or organization asserted by the publisher to be responsible for officially endorsing the content for use in some setting.","Extensions to ContactDetail include: contactReference, contactAddress, and contributionTime (see [Clinical Reasoning Module](clinicalreasoning-module.html)).

See guidance around (not) making local changes to elements [here](canonicalresource.html#localization).","","","","","","","","",,,,,"",,,,"EvidenceVariable.endorser",0,*,"","ele-1:All FHIR elements must have a @value or children {hasValue() or (children().count() > id.count())}
",".participation[typeCode=VRF] {not clear whether VRF best corresponds to reviewer or endorser}"
"EvidenceVariable.relatedArtifact","EvidenceVariable.relatedArtifact","","","",0,*,"","","","RelatedArtifact {[]} {[]}
","Additional documentation, citations, etc","Related artifacts such as additional documentation, justification, or bibliographic references.","Each related artifact is either an attachment, or a reference to another resource, but not both.","EvidenceVariables must be able to provide enough information for consumers of the content (and/or interventions or results produced by the content) to be able to determine and understand the justification for and evidence in support of the content.","","","","","","","",,,,,"",,,,"EvidenceVariable.relatedArtifact",0,*,"","ele-1:All FHIR elements must have a @value or children {hasValue() or (children().count() > id.count())}
"
"EvidenceVariable.actual","EvidenceVariable.actual","","","",0,1,"","","","boolean {[]} {[]}
","Actual or conceptual","True if the actual variable measured, false if a conceptual representation of the intended variable.","","","","","","","","","",,,,,"",,,,"EvidenceVariable.actual",0,1,"","ele-1:All FHIR elements must have a @value or children {hasValue() or (children().count() > id.count())}
"
"EvidenceVariable.characteristic","EvidenceVariable.characteristic","","","",1,*,"Y","","Y","BackboneElement {[]} {[]}
","A defining factor of the EvidenceVariable","A defining factor of the EvidenceVariable. Multiple characteristics are applied with ""and"" semantics.","Characteristics can be defined flexibly to accommodate different use cases for membership criteria, ranging from simple codes, all the way to using an expression language to express the criteria.","","","","","","","","",,,,,"",,,,"EvidenceVariable.characteristic",0,*,"","ele-1:All FHIR elements must have a @value or children {hasValue() or (children().count() > id.count())}
evv-1:In a characteristic, at most one of these six elements shall be used: definitionReference or definitionCanonical or definitionCodeableConcept or definitionId or definitionByTypeAndValue or definitionByCombination {(definitionReference.count() + definitionCanonical.count() + definitionCodeableConcept.count() + definitionId.count() + definitionByTypeAndValue.count() + definitionByCombination.count())  < 2}evidence-variable-unique-definition:For each characteristic, one and only one type of definition must exist {(
  definitionReference.exists().toInteger()
  + definitionCanonical.exists().toInteger()
  + definitionCodeableConcept.exists().toInteger()
  + definitionExpression.exists().toInteger()
  + definitionId.exists().toInteger()
  + definitionByTypeAndValue.exists().toInteger()
  + definitionByCombination.exists().toInteger()
  ) = 1}"
"EvidenceVariable.characteristic.id","EvidenceVariable.characteristic.id","","","",0,1,"","","","string {[]} {[]}
","Unique id for inter-element referencing","Unique id for the element within a resource (for internal references). This may be any string value that does not contain spaces.","","","","","","","","","",,,,,"",,,,"Element.id",0,1,"ele-1
","","n/a"
"EvidenceVariable.characteristic.extension","EvidenceVariable.characteristic.extension","","extensions
user content","",0,*,"","","","Extension {[]} {[]}
","Additional content defined by implementations","May be used to represent additional information that is not part of the basic definition of the element. To make the use of extensions safe and managable, there is a strict set of governance applied to the definition and use of extensions. Though any implementer can define an extension, there is a set of requirements that SHALL be met as part of the definition of the extension.","There can be no stigma associated with the use of extensions by any application, project, or standard - regardless of the institution or jurisdiction that uses or defines the extensions.  The use of extensions is what allows the FHIR specification to retain a core level of simplicity for everyone.","","","","","","","","",,,,,"",,,,"Element.extension",0,*,"","ele-1:All FHIR elements must have a @value or children {hasValue() or (children().count() > id.count())}
ext-1:Must have either extensions or value[x], not both {extension.exists() != value.exists()}","n/a"
"EvidenceVariable.characteristic.modifierExtension","EvidenceVariable.characteristic.modifierExtension","","extensions
user contentmodifiers","",0,*,"","Y","Y","Extension {[]} {[]}
","Extensions that cannot be ignored even if unrecognized","May be used to represent additional information that is not part of the basic definition of the element and that modifies the understanding of the element in which it is contained and/or the understanding of the containing element's descendants. Usually modifier elements provide negation or qualification. To make the use of extensions safe and managable, there is a strict set of governance applied to the definition and use of extensions. Though any implementer can define an extension, there is a set of requirements that SHALL be met as part of the definition of the extension. Applications processing a resource are required to check for modifier extensions.

Modifier extensions SHALL NOT change the meaning of any elements on Resource or DomainResource (including cannot change the meaning of modifierExtension itself).","There can be no stigma associated with the use of extensions by any application, project, or standard - regardless of the institution or jurisdiction that uses or defines the extensions.  The use of extensions is what allows the FHIR specification to retain a core level of simplicity for everyone.","Modifier extensions allow for extensions that *cannot* be safely ignored to be clearly distinguished from the vast majority of extensions which can be safely ignored.  This promotes interoperability by eliminating the need for implementers to prohibit the presence of extensions. For further information, see the [definition of modifier extensions](http://hl7.org/fhir/R5/extensibility.html#modifierExtension).","","","","","","","",,,,,"",,,,"BackboneElement.modifierExtension",0,*,"","ele-1:All FHIR elements must have a @value or children {hasValue() or (children().count() > id.count())}
ext-1:Must have either extensions or value[x], not both {extension.exists() != value.exists()}","N/A"
"EvidenceVariable.characteristic.linkId","EvidenceVariable.characteristic.linkId","","","",0,1,"","","","id {[]} {[]}
","Label for internal linking","Label used for when a characteristic refers to another characteristic.","","","","","","","","","",,,,,"",,,,"EvidenceVariable.characteristic.linkId",0,1,"","ele-1:All FHIR elements must have a @value or children {hasValue() or (children().count() > id.count())}
"
"EvidenceVariable.characteristic.description","EvidenceVariable.characteristic.description","","","",0,1,"","","","markdown {[]} {[]}
","Natural language description of the characteristic","A short, natural language description of the characteristic that could be used to communicate the criteria to an end-user.","","Need to be able to describe characteristics in natural language so that end users can understand the criteria.","","","","","","","",,,,,"",,,,"EvidenceVariable.characteristic.description",0,1,"","ele-1:All FHIR elements must have a @value or children {hasValue() or (children().count() > id.count())}
"
"EvidenceVariable.characteristic.note","EvidenceVariable.characteristic.note","","","",0,*,"","","","Annotation {[]} {[]}
","Used for footnotes or explanatory notes","A human-readable string to clarify or explain concepts about the characteristic.","","","","","","","","","",,,,,"",,,,"EvidenceVariable.characteristic.note",0,*,"","ele-1:All FHIR elements must have a @value or children {hasValue() or (children().count() > id.count())}
"
"EvidenceVariable.characteristic.exclude","EvidenceVariable.characteristic.exclude","","","",1,1,"","","","boolean {[]} {[]}
","Whether the characteristic is an inclusion criterion or exclusion criterion","When true, this characteristic is an exclusion criterion. In other words, not matching this characteristic definition is equivalent to meeting this criterion.","","","","False","","","","","",,,,,"",,,,"EvidenceVariable.characteristic.exclude",0,1,"","ele-1:All FHIR elements must have a @value or children {hasValue() or (children().count() > id.count())}
"
"EvidenceVariable.characteristic.definitionReference","EvidenceVariable.characteristic.definitionReference","","","",0,0,"","","Y","Reference {[]} {[CanonicalType[http://hl7.org/fhir/StructureDefinition/EvidenceVariable], CanonicalType[http://hl7.org/fhir/StructureDefinition/Group], CanonicalType[http://hl7.org/fhir/StructureDefinition/Evidence]]}
","Defines the characteristic (without using type and value) by a Reference","Defines the characteristic using a Reference.","","","","","","","","","",,,,,"",,,,"EvidenceVariable.characteristic.definitionReference",0,1,"evv-1
","ele-1:All FHIR elements must have a @value or children {hasValue() or (children().count() > id.count())}
"
"EvidenceVariable.characteristic.definitionCanonical","EvidenceVariable.characteristic.definitionCanonical","","","",0,0,"","","Y","canonical {[]} {[CanonicalType[http://hl7.org/fhir/StructureDefinition/EvidenceVariable], CanonicalType[http://hl7.org/fhir/StructureDefinition/Evidence]]}
","Defines the characteristic (without using type and value) by a Canonical","Defines the characteristic using Canonical.","","","","","","","","","",,,,,"",,,,"EvidenceVariable.characteristic.definitionCanonical",0,1,"evv-1
","ele-1:All FHIR elements must have a @value or children {hasValue() or (children().count() > id.count())}
"
"EvidenceVariable.characteristic.definitionCodeableConcept","EvidenceVariable.characteristic.definitionCodeableConcept","","","",0,1,"","","Y","CodeableConcept {[]} {[]}
","Defines the characteristic (without using type and value) by a CodeableConcept","Defines the characteristic using CodeableConcept.","","","","","","","","","",,,,,"",,,,"EvidenceVariable.characteristic.definitionCodeableConcept",0,1,"evv-1
","ele-1:All FHIR elements must have a @value or children {hasValue() or (children().count() > id.count())}
"
"EvidenceVariable.characteristic.definitionExpression","EvidenceVariable.characteristic.definitionExpression","","","",0,0,"","","Y","Expression {[]} {[]}
","Defines the characteristic (without using type and value) by an expression","Defines the characteristic using Expression.","When another element provides a definition of the characteristic, the definitionExpression content SHALL match the definition (only adding technical concepts necessary for implementation) without changing the meaning.","","","","","","","","",,,,,"",,,,"EvidenceVariable.characteristic.definitionExpression",0,1,"","ele-1:All FHIR elements must have a @value or children {hasValue() or (children().count() > id.count())}
"
"EvidenceVariable.characteristic.definitionId","EvidenceVariable.characteristic.definitionId","","","",0,0,"","","Y","id {[]} {[]}
","Defines the characteristic (without using type and value) by an id","Defines the characteristic using id.","","","","","","","","","",,,,,"",,,,"EvidenceVariable.characteristic.definitionId",0,1,"evv-1
","ele-1:All FHIR elements must have a @value or children {hasValue() or (children().count() > id.count())}
"
"EvidenceVariable.characteristic.definitionByTypeAndValue","EvidenceVariable.characteristic.definitionByTypeAndValue","","","",0,1,"","","Y","BackboneElement {[]} {[]}
","Defines the characteristic using type and value","Defines the characteristic using both a type and value[x] elements.","","","","","","","","","",,,,,"",,,,"EvidenceVariable.characteristic.definitionByTypeAndValue",0,1,"evv-1
","ele-1:All FHIR elements must have a @value or children {hasValue() or (children().count() > id.count())}
"
"EvidenceVariable.characteristic.definitionByTypeAndValue.id","EvidenceVariable.characteristic.definitionByTypeAndValue.id","","","",0,1,"","","","string {[]} {[]}
","Unique id for inter-element referencing","Unique id for the element within a resource (for internal references). This may be any string value that does not contain spaces.","","","","","","","","","",,,,,"",,,,"Element.id",0,1,"ele-1
","","n/a"
"EvidenceVariable.characteristic.definitionByTypeAndValue.extension","EvidenceVariable.characteristic.definitionByTypeAndValue.extension","","extensions
user content","",0,*,"","","","Extension {[]} {[]}
","Additional content defined by implementations","May be used to represent additional information that is not part of the basic definition of the element. To make the use of extensions safe and managable, there is a strict set of governance applied to the definition and use of extensions. Though any implementer can define an extension, there is a set of requirements that SHALL be met as part of the definition of the extension.","There can be no stigma associated with the use of extensions by any application, project, or standard - regardless of the institution or jurisdiction that uses or defines the extensions.  The use of extensions is what allows the FHIR specification to retain a core level of simplicity for everyone.","","","","","","","","",,,,,"",,,,"Element.extension",0,*,"","ele-1:All FHIR elements must have a @value or children {hasValue() or (children().count() > id.count())}
ext-1:Must have either extensions or value[x], not both {extension.exists() != value.exists()}","n/a"
"EvidenceVariable.characteristic.definitionByTypeAndValue.modifierExtension","EvidenceVariable.characteristic.definitionByTypeAndValue.modifierExtension","","extensions
user contentmodifiers","",0,*,"","Y","Y","Extension {[]} {[]}
","Extensions that cannot be ignored even if unrecognized","May be used to represent additional information that is not part of the basic definition of the element and that modifies the understanding of the element in which it is contained and/or the understanding of the containing element's descendants. Usually modifier elements provide negation or qualification. To make the use of extensions safe and managable, there is a strict set of governance applied to the definition and use of extensions. Though any implementer can define an extension, there is a set of requirements that SHALL be met as part of the definition of the extension. Applications processing a resource are required to check for modifier extensions.

Modifier extensions SHALL NOT change the meaning of any elements on Resource or DomainResource (including cannot change the meaning of modifierExtension itself).","There can be no stigma associated with the use of extensions by any application, project, or standard - regardless of the institution or jurisdiction that uses or defines the extensions.  The use of extensions is what allows the FHIR specification to retain a core level of simplicity for everyone.","Modifier extensions allow for extensions that *cannot* be safely ignored to be clearly distinguished from the vast majority of extensions which can be safely ignored.  This promotes interoperability by eliminating the need for implementers to prohibit the presence of extensions. For further information, see the [definition of modifier extensions](http://hl7.org/fhir/R5/extensibility.html#modifierExtension).","","","","","","","",,,,,"",,,,"BackboneElement.modifierExtension",0,*,"","ele-1:All FHIR elements must have a @value or children {hasValue() or (children().count() > id.count())}
ext-1:Must have either extensions or value[x], not both {extension.exists() != value.exists()}","N/A"
"EvidenceVariable.characteristic.definitionByTypeAndValue.type","EvidenceVariable.characteristic.definitionByTypeAndValue.type","","","",1,1,"","","Y","CodeableConcept {[]} {[]}
","Expresses the type of characteristic","Used to express the type of characteristic.","","","","","","","","","",,"example","","http://terminology.hl7.org/ValueSet/usage-context-type","",,,,"EvidenceVariable.characteristic.definitionByTypeAndValue.type",1,1,"","ele-1:All FHIR elements must have a @value or children {hasValue() or (children().count() > id.count())}
"
"EvidenceVariable.characteristic.definitionByTypeAndValue.method","EvidenceVariable.characteristic.definitionByTypeAndValue.method","","","",0,*,"","","","CodeableConcept {[]} {[]}
","Method for how the characteristic value was determined","Method for how the characteristic value was determined.","","","","","","","","","",,"example","","http://hl7.org/fhir/ValueSet/definition-method","",,,,"EvidenceVariable.characteristic.definitionByTypeAndValue.method",0,*,"","ele-1:All FHIR elements must have a @value or children {hasValue() or (children().count() > id.count())}
"
"EvidenceVariable.characteristic.definitionByTypeAndValue.device","EvidenceVariable.characteristic.definitionByTypeAndValue.device","","","",0,1,"","","","Reference {[]} {[CanonicalType[http://hl7.org/fhir/StructureDefinition/Device], CanonicalType[http://hl7.org/fhir/StructureDefinition/DeviceMetric]]}
","Device used for determining characteristic","Device used for determining characteristic.","","","","","","","","","",,,,,"",,,,"EvidenceVariable.characteristic.definitionByTypeAndValue.device",0,1,"","ele-1:All FHIR elements must have a @value or children {hasValue() or (children().count() > id.count())}
"
"EvidenceVariable.characteristic.definitionByTypeAndValue.value[x]","EvidenceVariable.characteristic.definitionByTypeAndValue.value[x]","","","",1,1,"","","Y","CodeableConcept {[]} {[]}
boolean {[]} {[]}Quantity {[]} {[]}Range {[]} {[]}Reference {[]} {[]}id {[]} {[]}","Defines the characteristic when coupled with characteristic.type","Defines the characteristic when paired with characteristic.type.","","","","","","","","","",,,,,"",,,,"EvidenceVariable.characteristic.definitionByTypeAndValue.value[x]",1,1,"","ele-1:All FHIR elements must have a @value or children {hasValue() or (children().count() > id.count())}
"
"EvidenceVariable.characteristic.definitionByTypeAndValue.offset","EvidenceVariable.characteristic.definitionByTypeAndValue.offset","","","",0,1,"","","","CodeableConcept {[]} {[]}
","Reference point for valueQuantity or valueRange","Defines the reference point for comparison when valueQuantity or valueRange is not compared to zero.","","","","","","","","","",,"example","","http://hl7.org/fhir/ValueSet/characteristic-offset","",,,,"EvidenceVariable.characteristic.definitionByTypeAndValue.offset",0,1,"","ele-1:All FHIR elements must have a @value or children {hasValue() or (children().count() > id.count())}
"
"EvidenceVariable.characteristic.definitionByCombination","EvidenceVariable.characteristic.definitionByCombination","","","",0,1,"","","","BackboneElement {[]} {[]}
","Used to specify how two or more characteristics are combined","Defines the characteristic as a combination of two or more characteristics.","","","","","","","","","",,,,,"",,,,"EvidenceVariable.characteristic.definitionByCombination",0,1,"evv-1
","ele-1:All FHIR elements must have a @value or children {hasValue() or (children().count() > id.count())}
"
"EvidenceVariable.characteristic.definitionByCombination.id","EvidenceVariable.characteristic.definitionByCombination.id","","","",0,1,"","","","string {[]} {[]}
","Unique id for inter-element referencing","Unique id for the element within a resource (for internal references). This may be any string value that does not contain spaces.","","","","","","","","","",,,,,"",,,,"Element.id",0,1,"ele-1
","","n/a"
"EvidenceVariable.characteristic.definitionByCombination.extension","EvidenceVariable.characteristic.definitionByCombination.extension","","extensions
user content","",0,*,"","","","Extension {[]} {[]}
","Additional content defined by implementations","May be used to represent additional information that is not part of the basic definition of the element. To make the use of extensions safe and managable, there is a strict set of governance applied to the definition and use of extensions. Though any implementer can define an extension, there is a set of requirements that SHALL be met as part of the definition of the extension.","There can be no stigma associated with the use of extensions by any application, project, or standard - regardless of the institution or jurisdiction that uses or defines the extensions.  The use of extensions is what allows the FHIR specification to retain a core level of simplicity for everyone.","","","","","","","","",,,,,"",,,,"Element.extension",0,*,"","ele-1:All FHIR elements must have a @value or children {hasValue() or (children().count() > id.count())}
ext-1:Must have either extensions or value[x], not both {extension.exists() != value.exists()}","n/a"
"EvidenceVariable.characteristic.definitionByCombination.modifierExtension","EvidenceVariable.characteristic.definitionByCombination.modifierExtension","","extensions
user contentmodifiers","",0,*,"","Y","Y","Extension {[]} {[]}
","Extensions that cannot be ignored even if unrecognized","May be used to represent additional information that is not part of the basic definition of the element and that modifies the understanding of the element in which it is contained and/or the understanding of the containing element's descendants. Usually modifier elements provide negation or qualification. To make the use of extensions safe and managable, there is a strict set of governance applied to the definition and use of extensions. Though any implementer can define an extension, there is a set of requirements that SHALL be met as part of the definition of the extension. Applications processing a resource are required to check for modifier extensions.

Modifier extensions SHALL NOT change the meaning of any elements on Resource or DomainResource (including cannot change the meaning of modifierExtension itself).","There can be no stigma associated with the use of extensions by any application, project, or standard - regardless of the institution or jurisdiction that uses or defines the extensions.  The use of extensions is what allows the FHIR specification to retain a core level of simplicity for everyone.","Modifier extensions allow for extensions that *cannot* be safely ignored to be clearly distinguished from the vast majority of extensions which can be safely ignored.  This promotes interoperability by eliminating the need for implementers to prohibit the presence of extensions. For further information, see the [definition of modifier extensions](http://hl7.org/fhir/R5/extensibility.html#modifierExtension).","","","","","","","",,,,,"",,,,"BackboneElement.modifierExtension",0,*,"","ele-1:All FHIR elements must have a @value or children {hasValue() or (children().count() > id.count())}
ext-1:Must have either extensions or value[x], not both {extension.exists() != value.exists()}","N/A"
"EvidenceVariable.characteristic.definitionByCombination.code","EvidenceVariable.characteristic.definitionByCombination.code","","","",1,1,"","","","code {[]} {[]}
","all-of | any-of | at-least | at-most | statistical | net-effect | dataset","Used to specify if two or more characteristics are combined with OR or AND.","","If code is ""at-least"" or ""at-most"" then threshold SHALL be used. If code is neither ""at-least"" nor ""at-most"" then threshold SHALL NOT be used.","","","","","","","",,"required","","http://hl7.org/fhir/ValueSet/characteristic-combination|5.0.0","",,,,"EvidenceVariable.characteristic.definitionByCombination.code",1,1,"","ele-1:All FHIR elements must have a @value or children {hasValue() or (children().count() > id.count())}
"
"EvidenceVariable.characteristic.definitionByCombination.threshold","EvidenceVariable.characteristic.definitionByCombination.threshold","","","",0,1,"","","","positiveInt {[]} {[]}
","Provides the value of ""n"" when ""at-least"" or ""at-most"" codes are used","Provides the value of ""n"" when ""at-least"" or ""at-most"" codes are used.","","","","","","","","","",,,,,"",,,,"EvidenceVariable.characteristic.definitionByCombination.threshold",0,1,"","ele-1:All FHIR elements must have a @value or children {hasValue() or (children().count() > id.count())}
"
"EvidenceVariable.characteristic.definitionByCombination.characteristic","EvidenceVariable.characteristic.definitionByCombination.characteristic","","","",1,*,"Y","","","null {[]} {[]}
","A defining factor of the characteristic","A defining factor of the characteristic.","","","","","","","","","",,,,,"",,,,"EvidenceVariable.characteristic.definitionByCombination.characteristic",1,*,"","ele-1:All FHIR elements must have a @value or children {hasValue() or (children().count() > id.count())}
evidence-variable-unique-definition:For each characteristic, one and only one type of definition must exist {(
  definitionReference.exists().toInteger()
  + definitionCanonical.exists().toInteger()
  + definitionCodeableConcept.exists().toInteger()
  + definitionExpression.exists().toInteger()
  + definitionId.exists().toInteger()
  + definitionByTypeAndValue.exists().toInteger()
  + definitionByCombination.exists().toInteger()
  ) = 1}"
"EvidenceVariable.characteristic.instances[x]","EvidenceVariable.characteristic.instances[x]","","","",0,1,"","","","Quantity {[]} {[]}
Range {[]} {[]}","Number of occurrences meeting the characteristic","Number of occurrences meeting the characteristic.","","","","","","","","","",,,,,"",,,,"EvidenceVariable.characteristic.instances[x]",0,1,"","ele-1:All FHIR elements must have a @value or children {hasValue() or (children().count() > id.count())}
"
"EvidenceVariable.characteristic.duration[x]","EvidenceVariable.characteristic.duration[x]","","","",0,1,"","","","Quantity {[]} {[]}
Range {[]} {[]}","Length of time in which the characteristic is met","Length of time in which the characteristic is met.","","","","","","","","","",,,,,"",,,,"EvidenceVariable.characteristic.duration[x]",0,1,"","ele-1:All FHIR elements must have a @value or children {hasValue() or (children().count() > id.count())}
"
"EvidenceVariable.characteristic.timeFromEvent","EvidenceVariable.characteristic.timeFromEvent","","","",0,*,"","","","BackboneElement {[]} {[]}
","Timing in which the characteristic is determined","Timing in which the characteristic is determined.","","","","","","","","","",,,,,"",,,,"EvidenceVariable.characteristic.timeFromEvent",0,*,"","ele-1:All FHIR elements must have a @value or children {hasValue() or (children().count() > id.count())}
"
"EvidenceVariable.characteristic.timeFromEvent.id","EvidenceVariable.characteristic.timeFromEvent.id","","","",0,1,"","","","string {[]} {[]}
","Unique id for inter-element referencing","Unique id for the element within a resource (for internal references). This may be any string value that does not contain spaces.","","","","","","","","","",,,,,"",,,,"Element.id",0,1,"ele-1
","","n/a"
"EvidenceVariable.characteristic.timeFromEvent.extension","EvidenceVariable.characteristic.timeFromEvent.extension","","extensions
user content","",0,*,"","","","Extension {[]} {[]}
","Additional content defined by implementations","May be used to represent additional information that is not part of the basic definition of the element. To make the use of extensions safe and managable, there is a strict set of governance applied to the definition and use of extensions. Though any implementer can define an extension, there is a set of requirements that SHALL be met as part of the definition of the extension.","There can be no stigma associated with the use of extensions by any application, project, or standard - regardless of the institution or jurisdiction that uses or defines the extensions.  The use of extensions is what allows the FHIR specification to retain a core level of simplicity for everyone.","","","","","","","","",,,,,"",,,,"Element.extension",0,*,"","ele-1:All FHIR elements must have a @value or children {hasValue() or (children().count() > id.count())}
ext-1:Must have either extensions or value[x], not both {extension.exists() != value.exists()}","n/a"
"EvidenceVariable.characteristic.timeFromEvent.modifierExtension","EvidenceVariable.characteristic.timeFromEvent.modifierExtension","","extensions
user contentmodifiers","",0,*,"","Y","Y","Extension {[]} {[]}
","Extensions that cannot be ignored even if unrecognized","May be used to represent additional information that is not part of the basic definition of the element and that modifies the understanding of the element in which it is contained and/or the understanding of the containing element's descendants. Usually modifier elements provide negation or qualification. To make the use of extensions safe and managable, there is a strict set of governance applied to the definition and use of extensions. Though any implementer can define an extension, there is a set of requirements that SHALL be met as part of the definition of the extension. Applications processing a resource are required to check for modifier extensions.

Modifier extensions SHALL NOT change the meaning of any elements on Resource or DomainResource (including cannot change the meaning of modifierExtension itself).","There can be no stigma associated with the use of extensions by any application, project, or standard - regardless of the institution or jurisdiction that uses or defines the extensions.  The use of extensions is what allows the FHIR specification to retain a core level of simplicity for everyone.","Modifier extensions allow for extensions that *cannot* be safely ignored to be clearly distinguished from the vast majority of extensions which can be safely ignored.  This promotes interoperability by eliminating the need for implementers to prohibit the presence of extensions. For further information, see the [definition of modifier extensions](http://hl7.org/fhir/R5/extensibility.html#modifierExtension).","","","","","","","",,,,,"",,,,"BackboneElement.modifierExtension",0,*,"","ele-1:All FHIR elements must have a @value or children {hasValue() or (children().count() > id.count())}
ext-1:Must have either extensions or value[x], not both {extension.exists() != value.exists()}","N/A"
"EvidenceVariable.characteristic.timeFromEvent.description","EvidenceVariable.characteristic.timeFromEvent.description","","","",0,1,"","","","markdown {[]} {[]}
","Human readable description","Human readable description.","","","","","","","","","",,,,,"",,,,"EvidenceVariable.characteristic.timeFromEvent.description",0,1,"","ele-1:All FHIR elements must have a @value or children {hasValue() or (children().count() > id.count())}
"
"EvidenceVariable.characteristic.timeFromEvent.note","EvidenceVariable.characteristic.timeFromEvent.note","","","",0,*,"","","","Annotation {[]} {[]}
","Used for footnotes or explanatory notes","A human-readable string to clarify or explain concepts about the timeFromEvent.","","","","","","","","","",,,,,"",,,,"EvidenceVariable.characteristic.timeFromEvent.note",0,*,"","ele-1:All FHIR elements must have a @value or children {hasValue() or (children().count() > id.count())}
"
"EvidenceVariable.characteristic.timeFromEvent.event[x]","EvidenceVariable.characteristic.timeFromEvent.event[x]","","","",0,1,"","","","CodeableConcept {[]} {[]}
Reference {[]} {[]}dateTime {[]} {[]}id {[]} {[]}","The event used as a base point (reference point) in time","The event used as a base point (reference point) in time.","","","","","","","","","",,"example","","http://hl7.org/fhir/ValueSet/evidence-variable-event","",,,,"EvidenceVariable.characteristic.timeFromEvent.event[x]",0,1,"","ele-1:All FHIR elements must have a @value or children {hasValue() or (children().count() > id.count())}
"
"EvidenceVariable.characteristic.timeFromEvent.quantity","EvidenceVariable.characteristic.timeFromEvent.quantity","","","",0,1,"","","","Quantity {[]} {[]}
","Used to express the observation at a defined amount of time before or after the event","Used to express the observation at a defined amount of time before or after the event.","","","","","","","","","",,,,,"",,,,"EvidenceVariable.characteristic.timeFromEvent.quantity",0,1,"","ele-1:All FHIR elements must have a @value or children {hasValue() or (children().count() > id.count())}
"
"EvidenceVariable.characteristic.timeFromEvent.range","EvidenceVariable.characteristic.timeFromEvent.range","","","",0,1,"","","","Range {[]} {[]}
","Used to express the observation within a period before and/or after the event","Used to express the observation within a period before and/or after the event.","","","","","","","","","",,,,,"",,,,"EvidenceVariable.characteristic.timeFromEvent.range",0,1,"","ele-1:All FHIR elements must have a @value or children {hasValue() or (children().count() > id.count())}
"
"EvidenceVariable.handling","EvidenceVariable.handling","","","",1,1,"Y","","","code {[]} {[]}
","continuous | dichotomous | ordinal | polychotomous","The method of handling in statistical analysis.","","","","","","","","","",,"required","","http://hl7.org/fhir/ValueSet/variable-handling|5.0.0","",,,,"EvidenceVariable.handling",0,1,"","ele-1:All FHIR elements must have a @value or children {hasValue() or (children().count() > id.count())}
"
"EvidenceVariable.category","EvidenceVariable.category","","","",0,*,"","","","BackboneElement {[]} {[]}
","A grouping for ordinal or polychotomous variables","A grouping for ordinal or polychotomous variables.","","","","","","","","","",,,,,"",,,,"EvidenceVariable.category",0,*,"","ele-1:All FHIR elements must have a @value or children {hasValue() or (children().count() > id.count())}
"
"EvidenceVariable.category.id","EvidenceVariable.category.id","","","",0,1,"","","","string {[]} {[]}
","Unique id for inter-element referencing","Unique id for the element within a resource (for internal references). This may be any string value that does not contain spaces.","","","","","","","","","",,,,,"",,,,"Element.id",0,1,"ele-1
","","n/a"
"EvidenceVariable.category.extension","EvidenceVariable.category.extension","","extensions
user content","",0,*,"","","","Extension {[]} {[]}
","Additional content defined by implementations","May be used to represent additional information that is not part of the basic definition of the element. To make the use of extensions safe and managable, there is a strict set of governance applied to the definition and use of extensions. Though any implementer can define an extension, there is a set of requirements that SHALL be met as part of the definition of the extension.","There can be no stigma associated with the use of extensions by any application, project, or standard - regardless of the institution or jurisdiction that uses or defines the extensions.  The use of extensions is what allows the FHIR specification to retain a core level of simplicity for everyone.","","","","","","","","",,,,,"",,,,"Element.extension",0,*,"","ele-1:All FHIR elements must have a @value or children {hasValue() or (children().count() > id.count())}
ext-1:Must have either extensions or value[x], not both {extension.exists() != value.exists()}","n/a"
"EvidenceVariable.category.modifierExtension","EvidenceVariable.category.modifierExtension","","extensions
user contentmodifiers","",0,*,"","Y","Y","Extension {[]} {[]}
","Extensions that cannot be ignored even if unrecognized","May be used to represent additional information that is not part of the basic definition of the element and that modifies the understanding of the element in which it is contained and/or the understanding of the containing element's descendants. Usually modifier elements provide negation or qualification. To make the use of extensions safe and managable, there is a strict set of governance applied to the definition and use of extensions. Though any implementer can define an extension, there is a set of requirements that SHALL be met as part of the definition of the extension. Applications processing a resource are required to check for modifier extensions.

Modifier extensions SHALL NOT change the meaning of any elements on Resource or DomainResource (including cannot change the meaning of modifierExtension itself).","There can be no stigma associated with the use of extensions by any application, project, or standard - regardless of the institution or jurisdiction that uses or defines the extensions.  The use of extensions is what allows the FHIR specification to retain a core level of simplicity for everyone.","Modifier extensions allow for extensions that *cannot* be safely ignored to be clearly distinguished from the vast majority of extensions which can be safely ignored.  This promotes interoperability by eliminating the need for implementers to prohibit the presence of extensions. For further information, see the [definition of modifier extensions](http://hl7.org/fhir/R5/extensibility.html#modifierExtension).","","","","","","","",,,,,"",,,,"BackboneElement.modifierExtension",0,*,"","ele-1:All FHIR elements must have a @value or children {hasValue() or (children().count() > id.count())}
ext-1:Must have either extensions or value[x], not both {extension.exists() != value.exists()}","N/A"
"EvidenceVariable.category.name","EvidenceVariable.category.name","","","",0,1,"","","","string {[]} {[]}
","Description of the grouping","Description of the grouping.","","","","","","","","","",,,,,"",,,,"EvidenceVariable.category.name",0,1,"","ele-1:All FHIR elements must have a @value or children {hasValue() or (children().count() > id.count())}
"
"EvidenceVariable.category.value[x]","EvidenceVariable.category.value[x]","","","",0,1,"","","","CodeableConcept {[]} {[]}
Quantity {[]} {[]}Range {[]} {[]}","Definition of the grouping","Definition of the grouping.","","","","","","","","","",,,,,"",,,,"EvidenceVariable.category.value[x]",0,1,"","ele-1:All FHIR elements must have a @value or children {hasValue() or (children().count() > id.count())}
"
