<?xml version="1.0" encoding="UTF-8"?>

<EvidenceVariable xmlns="http://hl7.org/fhir">
  <id value="ExampleIntervention"/>
  <meta>
    <profile value="https://www.netzwerk-universitaetsmedizin.de/fhir/cpg-on-ebm-on-fhir/StructureDefinition/intervention-definition"/>
  </meta>
  <text>
    <status value="generated"/><div xmlns="http://www.w3.org/1999/xhtml"><p class="res-header-id"><b>Generated Narrative: EvidenceVariable ExampleIntervention</b></p><a name="ExampleIntervention"> </a><a name="hcExampleIntervention"> </a><a name="hcExampleIntervention-en-US"> </a><p><b>url</b>: <a href="EvidenceVariable-ExampleIntervention.html">EvidenceVariable Bariatric Surgery</a></p><p><b>name</b>: Bariatric Surgery</p><p><b>status</b>: Active</p><p><b>date</b>: 2024-07-08 20:24:41+0000</p><h3>Characteristics</h3><table class="grid"><tr><td style="display: none">-</td><td><b>DefinitionCodeableConcept</b></td></tr><tr><td style="display: none">*</td><td><span title="Codes:{http://snomed.info/sct 430715008}">Bariatric operative procedure (procedure)</span></td></tr></table></div>
  </text>
  <url value="https://www.netzwerk-universitaetsmedizin.de/fhir/cpg-on-ebm-on-fhir/EvidenceVariable/ExampleIntervention"/>
  <name value="Bariatric Surgery"/>
  <status value="active"/>
  <date value="2024-07-08T20:24:41+00:00"/>
  <characteristic>
    <definitionCodeableConcept>
      <coding>
        <system value="http://snomed.info/sct"/>
        <code value="430715008"/>
        <display value="Bariatric operative procedure (procedure)"/>
      </coding>
    </definitionCodeableConcept>
  </characteristic>
</EvidenceVariable>