<?xml version="1.0" encoding="UTF-8"?>

<Group xmlns="http://hl7.org/fhir">
  <id value="StudyCohortCorticosteroidsCOVID19"/>
  <meta>
    <profile value="https://www.netzwerk-universitaetsmedizin.de/fhir/cpg-on-ebm-on-fhir/StructureDefinition/evidence-synthesis-cohorts"/>
  </meta>
  <text>
    <status value="generated"/><div xmlns="http://www.w3.org/1999/xhtml"><p class="res-header-id"><b>Generated Narrative: Group StudyCohortCorticosteroidsCOVID19</b></p><a name="StudyCohortCorticosteroidsCOVID19"> </a><a name="hcStudyCohortCorticosteroidsCOVID19"> </a><a name="hcStudyCohortCorticosteroidsCOVID19-en-US"> </a><p><b>type</b>: Person</p><p><b>membership</b>: Definitional</p><p><b>name</b>: StudyCohortCriteriaSystemicCorticosteroidsCOVID19</p><p><b>quantity</b>: 7898</p></div>
  </text>
  <type value="person"/>
  <membership value="definitional"/>
  <name value="StudyCohortCriteriaSystemicCorticosteroidsCOVID19"/>
  <quantity value="7898"/>
</Group>