<?xml version="1.0" encoding="UTF-8"?>

<PlanDefinition xmlns="http://hl7.org/fhir">
  <id value="COVID19NonVentilatedPatientsDexamethasoneApplicationPlan"/>
  <meta>
    <profile value="https://www.netzwerk-universitaetsmedizin.de/fhir/cpg-on-ebm-on-fhir/StructureDefinition/recommendation-plan"/>
  </meta>
  <text>
    <status value="generated"/><div xmlns="http://www.w3.org/1999/xhtml"><p class="res-header-id"><b>Generated Narrative: PlanDefinition COVID19NonVentilatedPatientsDexamethasoneApplicationPlan</b></p><a name="COVID19NonVentilatedPatientsDexamethasoneApplicationPlan"> </a><a name="hcCOVID19NonVentilatedPatientsDexamethasoneApplicationPlan"> </a><a name="hcCOVID19NonVentilatedPatientsDexamethasoneApplicationPlan-en-US"> </a><p><b>url</b>: <a href="PlanDefinition-COVID19NonVentilatedPatientsDexamethasoneApplicationPlan.html">PlanDefinition No Dexamethasone Application for non-ventilated COVID-19 patients</a></p><p><b>version</b>: 4.0</p><p><b>name</b>: No_Dexamethasone_Application</p><p><b>title</b>: No Dexamethasone Application for non-ventilated COVID-19 patients</p><p><b>type</b>: <span title="Codes:{http://terminology.hl7.org/CodeSystem/plan-definition-type eca-rule}">ECA Rule</span></p><p><b>status</b>: Active</p><p><b>experimental</b>: true</p><p><b>subject</b>: <a href="EvidenceVariable-PopulationCOVID19NonVentilated.html">Population_COVID19_NonVentilated</a></p><p><b>date</b>: 2021-12-12</p><p><b>publisher</b>: CPGonEBMonFHIR</p><p><b>description</b>: </p><div><p>No Dexamethasone Application for non-ventilated COVID19 patients</p>
</div><h3>Actions</h3><table class="grid"><tr><td style="display: none">-</td><td><b>Code</b></td><td><b>Definition[x]</b></td></tr><tr><td style="display: none">*</td><td><span title="Codes:{http://snomed.info/sct 432102000}">Administration of substance (procedure)</span></td><td><a href="Bundle-COVID19IntensiveCareTreatmentGuidelineBundle.html">NoDexamethasoneApplicationActivity</a></td></tr></table></div>
  </text>
  <extension url="http://hl7.org/fhir/uv/cpg/StructureDefinition/cpg-knowledgeCapability">
    <valueCode value="computable"/>
  </extension>
  <extension url="http://hl7.org/fhir/uv/cpg/StructureDefinition/cpg-knowledgeRepresentationLevel">
    <valueCode value="structured"/>
  </extension>
  <extension url="http://hl7.org/fhir/uv/cpg/StructureDefinition/cpg-partOf">
    <valueCanonical value="https://www.netzwerk-universitaetsmedizin.de/fhir/cpg-on-ebm-on-fhir/example/covid19-dexamethasone-recommendation"/>
  </extension>
  <extension url="https://www.netzwerk-universitaetsmedizin.de/fhir/cpg-on-ebm-on-fhir/StructureDefinition/ext-action-combination-method">
    <extension url="method">
      <valueCodeableConcept>
        <coding>
          <system value="https://www.netzwerk-universitaetsmedizin.de/fhir/cpg-on-ebm-on-fhir/CodeSystem/cs-action-combination-method"/>
          <code value="exactly"/>
        </coding>
      </valueCodeableConcept>
    </extension>
    <extension url="threshold">
      <valuePositiveInt value="1"/>
    </extension>
  </extension>
  <url value="https://www.netzwerk-universitaetsmedizin.de/fhir/cpg-on-ebm-on-fhir/example/covid19-non-ventilated-patients-no-dexamethasone-application-plan"/>
  <version value="4.0"/>
  <name value="No_Dexamethasone_Application"/>
  <title value="No Dexamethasone Application for non-ventilated COVID-19 patients"/>
  <type>
    <coding>
      <system value="http://terminology.hl7.org/CodeSystem/plan-definition-type"/>
      <code value="eca-rule"/>
    </coding>
  </type>
  <status value="active"/>
  <experimental value="true"/>
  <subjectCanonical value="https://www.netzwerk-universitaetsmedizin.de/fhir/cpg-on-ebm-on-fhir/example/population/Population_COVID19_NonVentilated"/>
  <date value="2021-12-12"/>
  <publisher value="CPGonEBMonFHIR"/>
  <description value="No Dexamethasone Application for non-ventilated COVID19 patients"/>
  <action>
    <code>
      <coding>
        <system value="http://snomed.info/sct"/>
        <code value="432102000"/>
        <display value="Administration of substance (procedure)"/>
      </coding>
    </code>
    <definitionCanonical value="https://www.netzwerk-universitaetsmedizin.de/fhir/cpg-on-ebm-on-fhir/example/recommendation-action/no-dexamethasone-application"/>
  </action>
</PlanDefinition>