<?xml version="1.0" encoding="UTF-8"?>

<ValueSet xmlns="http://hl7.org/fhir">
  <id value="vs-guideline-stage-classification"/>
  <meta>
    <profile value="http://hl7.org/fhir/uv/cpg/StructureDefinition/cpg-computablevalueset"/>
  </meta>
  <text>
    <status value="generated"/><div xmlns="http://www.w3.org/1999/xhtml"><p class="res-header-id"><b>Generated Narrative: ValueSet vs-guideline-stage-classification</b></p><a name="vs-guideline-stage-classification"> </a><a name="hcvs-guideline-stage-classification"> </a><a name="hcvs-guideline-stage-classification-en-US"> </a><ul><li>Include all codes defined in <a href="CodeSystem-cs-guideline-stage-classification.html"><code>https://www.netzwerk-universitaetsmedizin.de/fhir/cpg-on-ebm-on-fhir/CodeSystem/cs-guideline-stage-classification</code></a></li></ul></div>
  </text>
  <extension url="http://hl7.org/fhir/uv/cpg/StructureDefinition/cpg-knowledgeCapability">
    <valueCode value="shareable"/>
  </extension>
  <extension url="http://hl7.org/fhir/uv/cpg/StructureDefinition/cpg-knowledgeCapability">
    <valueCode value="computable"/>
  </extension>
  <extension url="http://hl7.org/fhir/uv/cpg/StructureDefinition/cpg-knowledgeCapability">
    <valueCode value="publishable"/>
  </extension>
  <extension url="http://hl7.org/fhir/uv/cpg/StructureDefinition/cpg-knowledgeRepresentationLevel">
    <valueCode value="structured"/>
  </extension>
  <url value="https://www.netzwerk-universitaetsmedizin.de/fhir/cpg-on-ebm-on-fhir/ValueSet/vs-guideline-stage-classification"/>
  <version value="0.1.1"/>
  <name value="GuidelineStageClassification"/>
  <title value="Guideline Stage Classification"/>
  <status value="draft"/>
  <date value="2022-09-06"/>
  <publisher value="Netzwerk Universitätsmedizin (NUM)"/>
  <contact>
    <telecom>
      <system value="url"/>
      <value value="https://www.netzwerk-universitaetsmedizin.de"/>
    </telecom>
  </contact>
  <description value="Stage classification according to systematics"/>
  <compose>
    <include>
      <system value="https://www.netzwerk-universitaetsmedizin.de/fhir/cpg-on-ebm-on-fhir/CodeSystem/cs-guideline-stage-classification"/>
    </include>
  </compose>
</ValueSet>