<?xml version="1.0" encoding="UTF-8"?>

<ValueSet xmlns="http://hl7.org/fhir">
  <id value="vs-rating-certainty-of-evidence"/>
  <meta>
    <profile value="http://hl7.org/fhir/uv/cpg/StructureDefinition/cpg-computablevalueset"/>
  </meta>
  <text>
    <status value="extensions"/><div xmlns="http://www.w3.org/1999/xhtml"><p class="res-header-id"><b>Generated Narrative: ValueSet vs-rating-certainty-of-evidence</b></p><a name="vs-rating-certainty-of-evidence"> </a><a name="hcvs-rating-certainty-of-evidence"> </a><a name="hcvs-rating-certainty-of-evidence-en-US"> </a><ul><li>Include these codes as defined in <a href="CodeSystem-certainty-rating.html"><code>http://hl7.org/fhir/certainty-rating</code></a><table class="none"><tr><td style="white-space:nowrap"><b>Code</b></td><td><b>Display</b></td><td><b>Definition</b></td></tr><tr><td><a href="CodeSystem-certainty-rating.html#certainty-rating-high">high</a></td><td>High quality</td><td>High quality evidence.</td></tr><tr><td><a href="CodeSystem-certainty-rating.html#certainty-rating-moderate">moderate</a></td><td>Moderate quality</td><td>Moderate quality evidence.</td></tr><tr><td><a href="CodeSystem-certainty-rating.html#certainty-rating-low">low</a></td><td>Low quality</td><td>Low quality evidence.</td></tr><tr><td><a href="CodeSystem-certainty-rating.html#certainty-rating-very-low">very-low</a></td><td>Very low quality</td><td>Very low quality evidence.</td></tr></table></li></ul></div>
  </text>
  <extension url="http://hl7.org/fhir/uv/cpg/StructureDefinition/cpg-knowledgeCapability">
    <valueCode value="shareable"/>
  </extension>
  <extension url="http://hl7.org/fhir/uv/cpg/StructureDefinition/cpg-knowledgeCapability">
    <valueCode value="computable"/>
  </extension>
  <extension url="http://hl7.org/fhir/uv/cpg/StructureDefinition/cpg-knowledgeCapability">
    <valueCode value="publishable"/>
  </extension>
  <extension url="http://hl7.org/fhir/uv/cpg/StructureDefinition/cpg-knowledgeRepresentationLevel">
    <valueCode value="structured"/>
  </extension>
  <url value="https://www.netzwerk-universitaetsmedizin.de/fhir/cpg-on-ebm-on-fhir/ValueSet/vs-rating-certainty-of-evidence"/>
  <version value="0.1.1"/>
  <name value="RatingCertaintyofEvidence"/>
  <title value="Rating Certainty Of Evidence"/>
  <status value="draft"/>
  <date value="2022-09-06"/>
  <publisher value="Netzwerk Universitätsmedizin (NUM)"/>
  <contact>
    <telecom>
      <system value="url"/>
      <value value="https://www.netzwerk-universitaetsmedizin.de"/>
    </telecom>
  </contact>
  <description value="Codes from EvidenceCertaintyRating related to certainty of evidence"/>
  <compose>
    <include>
      <system value="http://hl7.org/fhir/certainty-rating"/>
      <concept>
        <code value="high"/>
        <display value="High quality"/>
      </concept>
      <concept>
        <code value="moderate"/>
        <display value="Moderate quality"/>
      </concept>
      <concept>
        <code value="low"/>
        <display value="Low quality"/>
      </concept>
      <concept>
        <code value="very-low"/>
        <display value="Very low quality"/>
      </concept>
    </include>
  </compose>
</ValueSet>