<?xml version="1.0" encoding="UTF-8"?><ActivityDefinition xmlns="http://hl7.org/fhir"><id value="ExampleAssessmentAction"/><meta><profile value="https://www.netzwerk-universitaetsmedizin.de/fhir/cpg-on-ebm-on-fhir/StructureDefinition/assessment-action"/></meta><extension url="http://hl7.org/fhir/uv/cpg/StructureDefinition/cpg-knowledgeCapability"><valueCode value="computable"/></extension><extension url="http://hl7.org/fhir/uv/cpg/StructureDefinition/cpg-knowledgeRepresentationLevel"><valueCode value="structured"/></extension><url value="https://www.netzwerk-universitaetsmedizin.de/fhir/cpg-on-ebm-on-fhir/example/recommendation-action/assessment-example"/><version value="1.0"/><name value="ExampleAssessmentAction"/><status value="active"/><experimental value="true"/><subjectCodeableConcept><coding><system value="http://hl7.org/fhir/fhir-types"/><code value="Patient"/></coding></subjectCodeableConcept><date value="2024-07-08T20:24:41+00:00"/><publisher value="CPGonEBMonFHIR"/><description value="Example of an assessment action."/><kind value="ServiceRequest"/><code><coding><system value="http://snomed.info/sct"/><code value="406127006"/><display value="Pain intensity (observable entity)"/></coding></code><timingTiming><repeat><frequency value="1"/><period value="1"/><periodUnit value="d"/></repeat></timingTiming></ActivityDefinition>