<?xml version="1.0" encoding="UTF-8"?><CodeSystem xmlns="http://hl7.org/fhir"><id value="KontaktArtDe"/><meta><profile value="http://hl7.org/fhir/StructureDefinition/shareablecodesystem"/></meta><text><status value="generated"/><div xmlns="http://www.w3.org/1999/xhtml"><p class="res-header-id"><b>Generated Narrative: CodeSystem KontaktArtDe</b></p><a name="KontaktArtDe"> </a><a name="hcKontaktArtDe"> </a><a name="hcKontaktArtDe-en-US"> </a><p>This case-sensitive code system <code>http://fhir.de/CodeSystem/kontaktart-de</code> defines the following codes in a Is-A hierarchy:</p><table class="codes"><tr><td><b>Lvl</b></td><td style="white-space:nowrap"><b>Code</b></td><td><b>Display</b></td><td><b>Definition</b></td></tr><tr><td>1</td><td style="white-space:nowrap">begleitperson<a name="KontaktArtDe-begleitperson"> </a></td><td>Begleitperson</td><td>Begleitperson definiert nach § 11 Abs. 3 SGB V</td></tr><tr><td>1</td><td style="white-space:nowrap">vorstationaer<a name="KontaktArtDe-vorstationaer"> </a></td><td>Vorstationär</td><td>Vorstationärer Kontakt nach § 115 a SGB V</td></tr><tr><td>1</td><td style="white-space:nowrap">nachstationaer<a name="KontaktArtDe-nachstationaer"> </a></td><td>Nachstationär</td><td>Nachstationärer Kontakt nach § 115 a SGB V</td></tr><tr><td>1</td><td style="white-space:nowrap">teilstationaer<a name="KontaktArtDe-teilstationaer"> </a></td><td>Teilstationäre Behandlung</td><td>Eine teilstationäre Behandlung unterscheidet sich im Wesentlichen von einer vollstationären Behandlung durch eine regelmäßige, aber nicht zeitlich durchgehende Anwesenheit der Patientin oder des Patienten im Krankenhaus. Im Rahmen der teilstationären Behandlung kann Unterkunft und Verpflegung gewährt werden.</td></tr><tr><td>2</td><td style="white-space:nowrap">  tagesklinik<a name="KontaktArtDe-tagesklinik"> </a></td><td>Tagesklinische Behandlung</td><td/></tr><tr><td>2</td><td style="white-space:nowrap">  nachtklinik<a name="KontaktArtDe-nachtklinik"> </a></td><td>Behandlung in einer Nachtklinik</td><td/></tr><tr><td>1</td><td style="white-space:nowrap">normalstationaer<a name="KontaktArtDe-normalstationaer"> </a></td><td>Normalstationär</td><td>Stationärer Aufenthalt in Abgrenzung zu Intensivstationär</td></tr><tr><td>1</td><td style="white-space:nowrap">intensivstationaer<a name="KontaktArtDe-intensivstationaer"> </a></td><td>Intensivstationär</td><td>Intensivstationäre Kontakte sind Kontakte mit einer Station, die zur intensivmedizinischen Behandlung im Krankenhausplan bzw. Förderungsbescheid zugelassen sind</td></tr><tr><td>1</td><td style="white-space:nowrap">ub<a name="KontaktArtDe-ub"> </a></td><td>Untersuchung und Behandlung</td><td>Aufenthalt auf einer Funktionsabteilung zur Durchführung spezieller diagnostischer/therapeutischer Maßnahmen</td></tr><tr><td>1</td><td style="white-space:nowrap">konsil<a name="KontaktArtDe-konsil"> </a></td><td>Konsil</td><td>Arztkontakte im Rahmen z.B. von Aufklärungsgesprächen, Visiten etc.</td></tr><tr><td>1</td><td style="white-space:nowrap">stationsaequivalent<a name="KontaktArtDe-stationsaequivalent"> </a></td><td>Stationsäquivalent</td><td>Psychiatrische Krankenhäuser mit regionaler Versorgungsverpflichtung sowie Allgemeinkrankenhäuser mit selbständigen, fachärztlich geleiteten psychiatrischen Abteilungen mit regionaler Versorgungsverpflichtung können in medizinisch geeigneten Fällen, wenn eine Indikation für eine stationäre psychiatrische Behandlung vorliegt, anstelle einer vollstationären Behandlung eine stationsäquivalente psychiatrische Behandlung im häuslichen Umfeld erbringen</td></tr><tr><td>1</td><td style="white-space:nowrap">operation<a name="KontaktArtDe-operation"> </a></td><td>Operation</td><td>Aufenthalt in OP-Bereichen zur Durchführung von operativen Eingriffen inklusive Vor- und Nachbereitung</td></tr></table></div></text><url value="http://fhir.de/CodeSystem/kontaktart-de"/><version value="1.5.0-ballot"/><name value="KontaktArtDe"/><title value="KontaktArtDe"/><status value="active"/><experimental value="false"/><date value="2023-11-30"/><publisher value="HL7 Deutschland e.V. (Technisches Komitee FHIR)"/><contact><telecom><system value="url"/><value value="http://hl7.de/technische-komitees/fhir/"/></telecom></contact><description value="Klassifizierung eines Kontaktes mit einer Gesundheitseinrichtung"/><caseSensitive value="true"/><valueSet value="http://fhir.de/ValueSet/kontaktart-de"/><hierarchyMeaning value="is-a"/><compositional value="false"/><content value="complete"/><count value="12"/><concept><code value="begleitperson"/><display value="Begleitperson"/><definition value="Begleitperson definiert nach § 11 Abs. 3 SGB V"/></concept><concept><code value="vorstationaer"/><display value="Vorstationär"/><definition value="Vorstationärer Kontakt nach § 115 a SGB V"/></concept><concept><code value="nachstationaer"/><display value="Nachstationär"/><definition value="Nachstationärer Kontakt nach § 115 a SGB V"/></concept><concept><code value="teilstationaer"/><display value="Teilstationäre Behandlung"/><definition value="Eine teilstationäre Behandlung unterscheidet sich im Wesentlichen von einer vollstationären Behandlung durch eine regelmäßige, aber nicht zeitlich durchgehende Anwesenheit der Patientin oder des Patienten im Krankenhaus. Im Rahmen der teilstationären Behandlung kann Unterkunft und Verpflegung gewährt werden."/><concept><code value="tagesklinik"/><display value="Tagesklinische Behandlung"/></concept><concept><code value="nachtklinik"/><display value="Behandlung in einer Nachtklinik"/></concept></concept><concept><code value="normalstationaer"/><display value="Normalstationär"/><definition value="Stationärer Aufenthalt in Abgrenzung zu Intensivstationär"/></concept><concept><code value="intensivstationaer"/><display value="Intensivstationär"/><definition value="Intensivstationäre Kontakte sind Kontakte mit einer Station, die zur intensivmedizinischen Behandlung im Krankenhausplan bzw. Förderungsbescheid zugelassen sind"/></concept><concept><code value="ub"/><display value="Untersuchung und Behandlung"/><definition value="Aufenthalt auf einer Funktionsabteilung zur Durchführung spezieller diagnostischer/therapeutischer Maßnahmen"/></concept><concept><code value="konsil"/><display value="Konsil"/><definition value="Arztkontakte im Rahmen z.B. von Aufklärungsgesprächen, Visiten etc."/></concept><concept><code value="stationsaequivalent"/><display value="Stationsäquivalent"/><definition value="Psychiatrische Krankenhäuser mit regionaler Versorgungsverpflichtung sowie Allgemeinkrankenhäuser mit selbständigen, fachärztlich geleiteten psychiatrischen Abteilungen mit regionaler Versorgungsverpflichtung können in medizinisch geeigneten Fällen, wenn eine Indikation für eine stationäre psychiatrische Behandlung vorliegt, anstelle einer vollstationären Behandlung eine stationsäquivalente psychiatrische Behandlung im häuslichen Umfeld erbringen"/></concept><concept><code value="operation"/><display value="Operation"/><definition value="Aufenthalt in OP-Bereichen zur Durchführung von operativen Eingriffen inklusive Vor- und Nachbereitung"/></concept></CodeSystem>