<?xml version="1.0" encoding="UTF-8"?><EvidenceVariable xmlns="http://hl7.org/fhir"><id value="ExampleIntervention"/><meta><profile value="https://www.netzwerk-universitaetsmedizin.de/fhir/cpg-on-ebm-on-fhir/StructureDefinition/intervention-definition"/></meta><url value="https://www.netzwerk-universitaetsmedizin.de/fhir/cpg-on-ebm-on-fhir/EvidenceVariable/ExampleIntervention"/><name value="Bariatric Surgery"/><status value="active"/><date value="2024-07-08T20:24:41+00:00"/><characteristic><definitionCodeableConcept><coding><system value="http://snomed.info/sct"/><code value="430715008"/><display value="Bariatric operative procedure (procedure)"/></coding></definitionCodeableConcept></characteristic></EvidenceVariable>