<?xml version="1.0" encoding="UTF-8"?>

<EvidenceVariable xmlns="http://hl7.org/fhir">
  <id value="OutcomeAllCauseMortality"/>
  <meta>
    <profile value="https://www.netzwerk-universitaetsmedizin.de/fhir/cpg-on-ebm-on-fhir/StructureDefinition/outcome-definition"/>
  </meta>
  <text>
    <status value="generated"/><div xmlns="http://www.w3.org/1999/xhtml"><p class="res-header-id"><b>Generated Narrative: EvidenceVariable OutcomeAllCauseMortality</b></p><a name="OutcomeAllCauseMortality"> </a><a name="hcOutcomeAllCauseMortality"> </a><a name="hcOutcomeAllCauseMortality-en-US"> </a><p><b>url</b>: <a href="EvidenceVariable-OutcomeAllCauseMortality.html">EvidenceVariable AllCauseMortality</a></p><p><b>name</b>: AllCauseMortality</p><p><b>status</b>: Active</p><p><b>date</b>: 2024-07-08 20:24:41+0000</p><h3>Characteristics</h3><table class="grid"><tr><td style="display: none">-</td><td><b>Exclude</b></td><td><b>DefinitionCodeableConcept</b></td></tr><tr><td style="display: none">*</td><td>false</td><td><span title="Codes:{http://snomed.info/sct 409651001}">Mortality rate (observable entity)</span></td></tr></table><p><b>handling</b>: dichotomous variable</p></div>
  </text>
  <url value="https://www.netzwerk-universitaetsmedizin.de/fhir/cpg-on-ebm-on-fhir/EvidenceVariable/OutcomeAllCauseMortality"/>
  <name value="AllCauseMortality"/>
  <status value="active"/>
  <date value="2024-07-08T20:24:41+00:00"/>
  <characteristic>
    <exclude value="false"/>
    <definitionCodeableConcept>
      <coding>
        <system value="http://snomed.info/sct"/>
        <code value="409651001"/>
        <display value="Mortality rate (observable entity)"/>
      </coding>
    </definitionCodeableConcept>
  </characteristic>
  <handling value="dichotomous"/>
</EvidenceVariable>