{"resourceType":"ActivityDefinition","id":"ExampleNoDrugAdministrationAction","meta":{"profile":["https://www.netzwerk-universitaetsmedizin.de/fhir/cpg-on-ebm-on-fhir/StructureDefinition/drug-administration-action"]},"extension":[{"url":"http://hl7.org/fhir/uv/cpg/StructureDefinition/cpg-knowledgeCapability","valueCode":"computable"},{"url":"http://hl7.org/fhir/uv/cpg/StructureDefinition/cpg-knowledgeRepresentationLevel","valueCode":"structured"}],"url":"https://www.netzwerk-universitaetsmedizin.de/fhir/cpg-on-ebm-on-fhir/example/recommendation-action/no-drug-administration-example","version":"1.0","name":"DrugAdministrationAction","status":"active","experimental":true,"subjectCodeableConcept":{"coding":[{"system":"http://hl7.org/fhir/fhir-types","code":"Patient"}]},"date":"2024-07-08T20:24:41+00:00","publisher":"CPGonEBMonFHIR","description":"A drug administration that should not be performed.","kind":"MedicationRequest","code":{"coding":[{"system":"http://snomed.info/sct","code":"432102000","display":"Administration of substance (procedure)"}]},"doNotPerform":true,"productCodeableConcept":{"coding":[{"system":"http://snomed.info/sct","code":"372584003","display":"Dexamethasone (substance)"},{"system":"http://fhir.de/CodeSystem/bfarm/atc","code":"C05AA09","display":"Dexamethason"}]}}