{"resourceType":"Citation","id":"ExampleRecommendationCitation","meta":{"profile":["https://www.netzwerk-universitaetsmedizin.de/fhir/cpg-on-ebm-on-fhir/StructureDefinition/recommendation-citation"]},"url":"https://www.netzwerk-universitaetsmedizin.de/fhir/cpg-on-ebm-on-fhir/Citation/ExampleRecommendationCitation","name":"ExampleRecommendationCitation","status":"active","date":"2024-07-08T20:24:41+00:00","citedArtifact":{"identifier":[{"value":"ceoysy/exampleIdentifier"}],"version":{"value":"1.0-alpha1"},"currentState":[{"coding":[{"system":"http://hl7.org/fhir/cited-artifact-status-type","code":"archived","display":"Archived"}]}],"title":[{"text":"Example Citation"}],"classification":[{"type":{"coding":[{"system":"http://hl7.org/fhir/cited-artifact-classification-type","code":"publication-type","display":"Publication Type"}]},"classifier":[{"coding":[{"system":"https://www.netzwerk-universitaetsmedizin.de/fhir/cpg-on-ebm-on-fhir/CodeSystem/ceosys-code-system","code":"guideline-recommendation","display":"Clinical practice guideline recommendation"}]}]}]}}