{"resourceType":"Citation","id":"SystemicCorticosteroidsForTheTreatmentOfCOVID19","meta":{"profile":["https://www.netzwerk-universitaetsmedizin.de/fhir/cpg-on-ebm-on-fhir/StructureDefinition/study-citation"]},"url":"https://www.netzwerk-universitaetsmedizin.de/fhir/cpg-on-ebm-on-fhir/Citation/SystemicCorticosteroidsForTheTreatmentOfCOVID19","name":"SystemicCorticosteroidsForTheTreatmentOfCOVID19","status":"active","date":"2024-07-08T20:24:41+00:00","citedArtifact":{"identifier":[{"system":"https://pubmed.ncbi.nlm.nih.gov","value":"34396514"},{"system":"https://doi.org","value":"10.1002/14651858.CD014963"},{"system":"https://www.ncbi.nlm.nih.gov/pmc/","value":"PMC8406706"}],"title":[{"text":"Systemic corticosteroids for the treatment of COVID-19"}],"classification":[{"type":{"coding":[{"system":"http://hl7.org/fhir/cited-artifact-classification-type","code":"publication-type","display":"Publication Type"}]},"classifier":[{"coding":[{"system":"http://hl7.org/fhir/citation-artifact-classifier","code":"D016428","display":"Journal Article"}]}]}]}}