{"resourceType":"EvidenceVariable","id":"ExampleIntervention","meta":{"profile":["https://www.netzwerk-universitaetsmedizin.de/fhir/cpg-on-ebm-on-fhir/StructureDefinition/intervention-definition"]},"url":"https://www.netzwerk-universitaetsmedizin.de/fhir/cpg-on-ebm-on-fhir/EvidenceVariable/ExampleIntervention","name":"Bariatric Surgery","status":"active","date":"2024-07-08T20:24:41+00:00","characteristic":[{"definitionCodeableConcept":{"coding":[{"system":"http://snomed.info/sct","code":"430715008","display":"Bariatric operative procedure (procedure)"}]}}]}