{"resourceType":"Evidence","id":"ExampleOutcomeEvidenceSynthesis","meta":{"profile":["https://www.netzwerk-universitaetsmedizin.de/fhir/cpg-on-ebm-on-fhir/StructureDefinition/outcome-evidence-synthesis"]},"url":"https://www.netzwerk-universitaetsmedizin.de/fhir/cpg-on-ebm-on-fhir/Evidence/ExampleOutcomeEvidenceSynthesis","name":"ExampleOutcomeEvidenceSynthesis","status":"active","date":"2024-07-08T20:24:41+00:00","relatedArtifact":[{"type":"citation","resourceReference":{"reference":"Citation/ExampleStudyCitation"}}],"variableDefinition":[{"variableRole":{"coding":[{"system":"http://terminology.hl7.org/CodeSystem/variable-role","code":"population"}]},"observed":{"reference":"Group/ExampleEvidenceSynthesisCohorts"},"intended":{"reference":"EvidenceVariable/ExampleStudyEligibilityCriteria"}},{"variableRole":{"coding":[{"system":"http://terminology.hl7.org/CodeSystem/variable-role","code":"measuredVariable"}]},"observed":{"reference":"EvidenceVariable/ExampleOutcome"}}],"synthesisType":{"coding":[{"system":"http://terminology.hl7.org/CodeSystem/synthesis-type","code":"NotApplicable"}]}}