{"resourceType":"PlanDefinition","id":"COVID19VentilatedPatientsDexamethasoneApplicationPlan","meta":{"profile":["https://www.netzwerk-universitaetsmedizin.de/fhir/cpg-on-ebm-on-fhir/StructureDefinition/recommendation-plan"]},"extension":[{"url":"http://hl7.org/fhir/uv/cpg/StructureDefinition/cpg-knowledgeCapability","valueCode":"computable"},{"url":"http://hl7.org/fhir/uv/cpg/StructureDefinition/cpg-knowledgeRepresentationLevel","valueCode":"structured"},{"url":"http://hl7.org/fhir/uv/cpg/StructureDefinition/cpg-partOf","valueCanonical":"https://www.netzwerk-universitaetsmedizin.de/fhir/cpg-on-ebm-on-fhir/example/covid19-dexamethasone-recommendation"},{"extension":[{"url":"method","valueCodeableConcept":{"coding":[{"system":"https://www.netzwerk-universitaetsmedizin.de/fhir/cpg-on-ebm-on-fhir/CodeSystem/cs-action-combination-method","code":"exactly"}]}},{"url":"threshold","valuePositiveInt":1}],"url":"https://www.netzwerk-universitaetsmedizin.de/fhir/cpg-on-ebm-on-fhir/StructureDefinition/ext-action-combination-method"}],"url":"https://www.netzwerk-universitaetsmedizin.de/fhir/cpg-on-ebm-on-fhir/example/covid19-ventilated-patients-dexamethasone-application-plan","version":"4.0","name":"Dexamethasone_Application","title":"Dexamethasone Application in ventilated COVID-19 patients","type":{"coding":[{"system":"http://terminology.hl7.org/CodeSystem/plan-definition-type","code":"eca-rule"}]},"status":"active","experimental":true,"subjectCanonical":"https://www.netzwerk-universitaetsmedizin.de/fhir/cpg-on-ebm-on-fhir/example/population/Population_COVID19_Ventilated","date":"2021-12-12","publisher":"CPGonEBMonFHIR","description":"Application of Dexamethasone: 6 mg once per day for 10 days p.o. or i.v. for ventilated COVID-19 patients","action":[{"code":{"coding":[{"system":"http://snomed.info/sct","code":"432102000","display":"Administration of substance (procedure)"}]},"definitionCanonical":"https://www.netzwerk-universitaetsmedizin.de/fhir/cpg-on-ebm-on-fhir/example/recommendation-action/dexamethasone-application-oral"},{"code":{"coding":[{"system":"http://snomed.info/sct","code":"432102000","display":"Administration of substance (procedure)"}]},"definitionCanonical":"https://www.netzwerk-universitaetsmedizin.de/fhir/cpg-on-ebm-on-fhir/example/recommendation-action/dexamethasone-application-intravenous"}]}