{"resourceType":"ValueSet","id":"vs-rating-feasibility","meta":{"profile":["http://hl7.org/fhir/uv/cpg/StructureDefinition/cpg-computablevalueset"]},"text":{"status":"extensions","div":"<div xmlns=\"http://www.w3.org/1999/xhtml\"><p class=\"res-header-id\"><b>Generated Narrative: ValueSet vs-rating-feasibility</b></p><a name=\"vs-rating-feasibility\"> </a><a name=\"hcvs-rating-feasibility\"> </a><a name=\"hcvs-rating-feasibility-en-US\"> </a><ul><li>Include these codes as defined in <a href=\"CodeSystem-cs-evidence-to-decision-certainty-rating.html\"><code>https://www.netzwerk-universitaetsmedizin.de/fhir/cpg-on-ebm-on-fhir/CodeSystem/cs-evidence-to-decision-certainty-rating</code></a><table class=\"none\"><tr><td style=\"white-space:nowrap\"><b>Code</b></td><td><b>Display</b></td><td><b>Definition</b></td></tr><tr><td><a href=\"CodeSystem-cs-evidence-to-decision-certainty-rating.html#cs-evidence-to-decision-certainty-rating-factor-not-considered\">factor-not-considered</a></td><td>Factor not considered</td><td>Factor not considered</td></tr><tr><td><a href=\"CodeSystem-cs-evidence-to-decision-certainty-rating.html#cs-evidence-to-decision-certainty-rating-important-issues-or-not-investigated\">important-issues-or-not-investigated</a></td><td>Important issues</td><td>Important issues, or potential issues not investigated</td></tr><tr><td><a href=\"CodeSystem-cs-evidence-to-decision-certainty-rating.html#cs-evidence-to-decision-certainty-rating-no-important-issues\">no-important-issues</a></td><td>No important issues</td><td>No important issues with the recommended alternative</td></tr><tr><td><a href=\"CodeSystem-cs-evidence-to-decision-certainty-rating.html#cs-evidence-to-decision-certainty-rating-intervention-difficult-to-implement\">intervention-difficult-to-implement</a></td><td>Intervention difficult to implement</td><td>Intervention is likely difficult to implement</td></tr></table></li></ul></div>"},"extension":[{"url":"http://hl7.org/fhir/uv/cpg/StructureDefinition/cpg-knowledgeCapability","valueCode":"shareable"},{"url":"http://hl7.org/fhir/uv/cpg/StructureDefinition/cpg-knowledgeCapability","valueCode":"computable"},{"url":"http://hl7.org/fhir/uv/cpg/StructureDefinition/cpg-knowledgeCapability","valueCode":"publishable"},{"url":"http://hl7.org/fhir/uv/cpg/StructureDefinition/cpg-knowledgeRepresentationLevel","valueCode":"structured"}],"url":"https://www.netzwerk-universitaetsmedizin.de/fhir/cpg-on-ebm-on-fhir/ValueSet/vs-rating-feasibility","version":"0.1.1","name":"RatingFeasibility","title":"Rating Feasibility","status":"draft","date":"2022-09-06","publisher":"Netzwerk Universitätsmedizin (NUM)","contact":[{"telecom":[{"system":"url","value":"https://www.netzwerk-universitaetsmedizin.de"}]}],"description":"How feasible will it be to implement the different alternatives? Any issues?","compose":{"include":[{"system":"https://www.netzwerk-universitaetsmedizin.de/fhir/cpg-on-ebm-on-fhir/CodeSystem/cs-evidence-to-decision-certainty-rating","concept":[{"code":"factor-not-considered","display":"Factor not considered"},{"code":"important-issues-or-not-investigated","display":"Important issues"},{"code":"no-important-issues","display":"No important issues"},{"code":"intervention-difficult-to-implement","display":"Intervention difficult to implement"}]}]}}