{
  "resourceType" : "ActivityDefinition",
  "id" : "ExampleDrugAdministrationAction",
  "meta" : {
    "profile" : ["https://www.netzwerk-universitaetsmedizin.de/fhir/cpg-on-ebm-on-fhir/StructureDefinition/drug-administration-action"]
  },
  "text" : {
    "status" : "generated",
    "div" : "<div xmlns=\"http://www.w3.org/1999/xhtml\"><p class=\"res-header-id\"><b>Generated Narrative: ActivityDefinition ExampleDrugAdministrationAction</b></p><a name=\"ExampleDrugAdministrationAction\"> </a><a name=\"hcExampleDrugAdministrationAction\"> </a><a name=\"hcExampleDrugAdministrationAction-en-US\"> </a><p><b>url</b>: <a href=\"ActivityDefinition-ExampleDrugAdministrationAction.html\">ActivityDefinition DrugAdministrationAction</a></p><p><b>version</b>: 1.0</p><p><b>name</b>: DrugAdministrationAction</p><p><b>status</b>: Active</p><p><b>experimental</b>: true</p><p><b>subject</b>: <span title=\"Codes:{http://hl7.org/fhir/fhir-types Patient}\">Patient</span></p><p><b>date</b>: 2024-07-08 20:24:41+0000</p><p><b>publisher</b>: CPGonEBMonFHIR</p><p><b>description</b>: </p><div><p>A drug administration that should be performed.</p>\n</div><p><b>kind</b>: MedicationRequest</p><p><b>code</b>: <span title=\"Codes:{http://snomed.info/sct 432102000}\">Administration of substance (procedure)</span></p><p><b>product</b>: <span title=\"Codes:{http://snomed.info/sct 372584003}, {http://fhir.de/CodeSystem/bfarm/atc C05AA09}\">Dexamethasone (substance)</span></p><blockquote><p><b>dosage</b></p></blockquote></div>"
  },
  "extension" : [{
    "url" : "http://hl7.org/fhir/uv/cpg/StructureDefinition/cpg-knowledgeCapability",
    "valueCode" : "computable"
  },
  {
    "url" : "http://hl7.org/fhir/uv/cpg/StructureDefinition/cpg-knowledgeRepresentationLevel",
    "valueCode" : "structured"
  }],
  "url" : "https://www.netzwerk-universitaetsmedizin.de/fhir/cpg-on-ebm-on-fhir/example/recommendation-action/drug-administration-example",
  "version" : "1.0",
  "name" : "DrugAdministrationAction",
  "status" : "active",
  "experimental" : true,
  "subjectCodeableConcept" : {
    "coding" : [{
      "system" : "http://hl7.org/fhir/fhir-types",
      "code" : "Patient"
    }]
  },
  "date" : "2024-07-08T20:24:41+00:00",
  "publisher" : "CPGonEBMonFHIR",
  "description" : "A drug administration that should be performed.",
  "kind" : "MedicationRequest",
  "code" : {
    "coding" : [{
      "system" : "http://snomed.info/sct",
      "code" : "432102000",
      "display" : "Administration of substance (procedure)"
    }]
  },
  "productCodeableConcept" : {
    "coding" : [{
      "system" : "http://snomed.info/sct",
      "code" : "372584003",
      "display" : "Dexamethasone (substance)"
    },
    {
      "system" : "http://fhir.de/CodeSystem/bfarm/atc",
      "code" : "C05AA09",
      "display" : "Dexamethason"
    }]
  },
  "dosage" : [{
    "extension" : [{
      "extension" : [{
        "url" : "type",
        "valueCodeableConcept" : {
          "coding" : [{
            "system" : "http://loinc.org",
            "code" : "29463-7",
            "display" : "Body weight"
          }]
        }
      },
      {
        "url" : "value",
        "valueRange" : {
          "high" : {
            "value" : 70,
            "unit" : "kg",
            "system" : "http://unitsofmeasure.org",
            "code" : "kg"
          }
        }
      }],
      "url" : "https://www.netzwerk-universitaetsmedizin.de/fhir/cpg-on-ebm-on-fhir/StructureDefinition/ext-dosage-condition"
    }],
    "timing" : {
      "repeat" : {
        "count" : 10,
        "duration" : 10,
        "durationUnit" : "d",
        "frequency" : 1,
        "period" : 1,
        "periodUnit" : "d"
      }
    },
    "route" : {
      "coding" : [{
        "system" : "http://snomed.info/sct",
        "code" : "26643006",
        "display" : "Oral route"
      }]
    },
    "doseAndRate" : [{
      "doseQuantity" : {
        "value" : 6,
        "unit" : "mg",
        "system" : "http://unitsofmeasure.org",
        "code" : "mg"
      },
      "rateQuantity" : {
        "value" : 1,
        "unit" : "/d",
        "system" : "http://unitsofmeasure.org",
        "code" : "/d"
      }
    }]
  }]
}