{
  "resourceType" : "ActivityDefinition",
  "id" : "DexamethasoneApplicationActionIntravenous",
  "meta" : {
    "profile" : ["https://www.netzwerk-universitaetsmedizin.de/fhir/cpg-on-ebm-on-fhir/StructureDefinition/drug-administration-action"]
  },
  "text" : {
    "status" : "generated",
    "div" : "<div xmlns=\"http://www.w3.org/1999/xhtml\"><p class=\"res-header-id\"><b>Generated Narrative: ActivityDefinition DexamethasoneApplicationActionIntravenous</b></p><a name=\"DexamethasoneApplicationActionIntravenous\"> </a><a name=\"hcDexamethasoneApplicationActionIntravenous\"> </a><a name=\"hcDexamethasoneApplicationActionIntravenous-en-US\"> </a><p><b>url</b>: <a href=\"ActivityDefinition-DexamethasoneApplicationActionIntravenous.html\">ActivityDefinition DexamethasoneApplicationActionIntravenous</a></p><p><b>version</b>: 1.0</p><p><b>name</b>: DexamethasoneApplicationActionIntravenous</p><p><b>status</b>: Active</p><p><b>experimental</b>: true</p><p><b>subject</b>: <span title=\"Codes:{http://hl7.org/fhir/fhir-types Patient}\">Patient</span></p><p><b>date</b>: 2024-07-08 20:24:41+0000</p><p><b>publisher</b>: CPGonEBMonFHIR</p><p><b>description</b>: </p><div><p>Application of Dexamethasone: 6 mg once per day for 10 days (intravenous route)</p>\n</div><p><b>kind</b>: MedicationRequest</p><p><b>code</b>: <span title=\"Codes:{http://snomed.info/sct 432102000}\">Administration of substance (procedure)</span></p><p><b>product</b>: <span title=\"Codes:{http://snomed.info/sct 372584003}, {http://fhir.de/CodeSystem/bfarm/atc C05AA09}\">Dexamethasone (substance)</span></p><blockquote><p><b>dosage</b></p></blockquote></div>"
  },
  "extension" : [{
    "url" : "http://hl7.org/fhir/uv/cpg/StructureDefinition/cpg-knowledgeCapability",
    "valueCode" : "computable"
  },
  {
    "url" : "http://hl7.org/fhir/uv/cpg/StructureDefinition/cpg-knowledgeRepresentationLevel",
    "valueCode" : "structured"
  }],
  "url" : "https://www.netzwerk-universitaetsmedizin.de/fhir/cpg-on-ebm-on-fhir/example/recommendation-action/dexamethasone-application-intravenous",
  "version" : "1.0",
  "name" : "DexamethasoneApplicationActionIntravenous",
  "status" : "active",
  "experimental" : true,
  "subjectCodeableConcept" : {
    "coding" : [{
      "system" : "http://hl7.org/fhir/fhir-types",
      "code" : "Patient"
    }]
  },
  "date" : "2024-07-08T20:24:41+00:00",
  "publisher" : "CPGonEBMonFHIR",
  "description" : "Application of Dexamethasone: 6 mg once per day for 10 days (intravenous route)",
  "kind" : "MedicationRequest",
  "code" : {
    "coding" : [{
      "system" : "http://snomed.info/sct",
      "code" : "432102000",
      "display" : "Administration of substance (procedure)"
    }]
  },
  "productCodeableConcept" : {
    "coding" : [{
      "system" : "http://snomed.info/sct",
      "code" : "372584003",
      "display" : "Dexamethasone (substance)"
    },
    {
      "system" : "http://fhir.de/CodeSystem/bfarm/atc",
      "code" : "C05AA09",
      "display" : "Dexamethason"
    }]
  },
  "dosage" : [{
    "timing" : {
      "repeat" : {
        "count" : 10,
        "duration" : 10,
        "durationUnit" : "d",
        "frequency" : 1,
        "period" : 1,
        "periodUnit" : "d"
      }
    },
    "route" : {
      "coding" : [{
        "system" : "http://snomed.info/sct",
        "code" : "47625008",
        "display" : "Intravenous route"
      }]
    },
    "doseAndRate" : [{
      "doseQuantity" : {
        "value" : 6,
        "unit" : "mg",
        "system" : "http://unitsofmeasure.org",
        "code" : "mg"
      },
      "rateQuantity" : {
        "value" : 1,
        "unit" : "/d",
        "system" : "http://unitsofmeasure.org",
        "code" : "/d"
      }
    }]
  }]
}