{
  "resourceType" : "EvidenceVariable",
  "id" : "ExampleRecommendationEligibilityCriteriaDrugs",
  "meta" : {
    "profile" : ["https://www.netzwerk-universitaetsmedizin.de/fhir/cpg-on-ebm-on-fhir/StructureDefinition/recommendation-eligibility-criteria"]
  },
  "text" : {
    "status" : "generated",
    "div" : "<div xmlns=\"http://www.w3.org/1999/xhtml\"><p class=\"res-header-id\"><b>Generated Narrative: EvidenceVariable ExampleRecommendationEligibilityCriteriaDrugs</b></p><a name=\"ExampleRecommendationEligibilityCriteriaDrugs\"> </a><a name=\"hcExampleRecommendationEligibilityCriteriaDrugs\"> </a><a name=\"hcExampleRecommendationEligibilityCriteriaDrugs-en-US\"> </a><p><b>url</b>: <a href=\"EvidenceVariable-ExampleRecommendationEligibilityCriteria.html\">EvidenceVariable PopulationExample</a></p><p><b>name</b>: PopulationExample</p><p><b>status</b>: Active</p><p><b>date</b>: 2024-07-08 20:24:41+0000</p><blockquote><p><b>characteristic</b></p><blockquote><p><b>definitionByCombination</b></p><p><b>code</b>: All of</p><blockquote><p><b>characteristic</b></p></blockquote></blockquote></blockquote></div>"
  },
  "url" : "https://www.netzwerk-universitaetsmedizin.de/fhir/cpg-on-ebm-on-fhir/example/recommendation-eligibility-criteria",
  "name" : "PopulationExample",
  "status" : "active",
  "date" : "2024-07-08T20:24:41+00:00",
  "characteristic" : [{
    "definitionByCombination" : {
      "code" : "all-of",
      "characteristic" : [{
        "definitionByCombination" : {
          "code" : "all-of",
          "characteristic" : [{
            "definitionByTypeAndValue" : {
              "extension" : [{
                "url" : "https://www.netzwerk-universitaetsmedizin.de/fhir/cpg-on-ebm-on-fhir/StructureDefinition/ext-characteristic-dosage",
                "valueDosage" : {
                  "extension" : [{
                    "extension" : [{
                      "url" : "type",
                      "valueCodeableConcept" : {
                        "coding" : [{
                          "system" : "http://loinc.org",
                          "code" : "29463-7",
                          "display" : "Body weight"
                        }]
                      }
                    },
                    {
                      "url" : "value",
                      "valueRange" : {
                        "high" : {
                          "value" : 70,
                          "unit" : "kg",
                          "system" : "http://unitsofmeasure.org",
                          "code" : "kg"
                        }
                      }
                    }],
                    "url" : "https://www.netzwerk-universitaetsmedizin.de/fhir/cpg-on-ebm-on-fhir/StructureDefinition/ext-dosage-condition"
                  }],
                  "timing" : {
                    "repeat" : {
                      "count" : 10,
                      "duration" : 10,
                      "durationUnit" : "d",
                      "frequency" : 1,
                      "period" : 1,
                      "periodUnit" : "d"
                    }
                  },
                  "route" : {
                    "coding" : [{
                      "system" : "http://snomed.info/sct",
                      "code" : "26643006",
                      "display" : "Oral route"
                    }]
                  },
                  "doseAndRate" : [{
                    "doseQuantity" : {
                      "value" : 6,
                      "unit" : "mg",
                      "system" : "http://unitsofmeasure.org",
                      "code" : "mg"
                    },
                    "rateQuantity" : {
                      "value" : 1,
                      "unit" : "/d",
                      "system" : "http://unitsofmeasure.org",
                      "code" : "/d"
                    }
                  }]
                }
              }],
              "type" : {
                "coding" : [{
                  "system" : "http://snomed.info/sct",
                  "code" : "432102000",
                  "display" : "Administration of substance (procedure)"
                }]
              },
              "valueCodeableConcept" : {
                "coding" : [{
                  "system" : "http://snomed.info/sct",
                  "code" : "372877000",
                  "display" : "Heparin (substance)"
                }]
              }
            }
          }]
        }
      }]
    }
  }]
}