{
  "resourceType" : "PlanDefinition",
  "id" : "ExampleRecommendation",
  "meta" : {
    "profile" : ["https://www.netzwerk-universitaetsmedizin.de/fhir/cpg-on-ebm-on-fhir/StructureDefinition/recommendation"]
  },
  "text" : {
    "status" : "generated",
    "div" : "<div xmlns=\"http://www.w3.org/1999/xhtml\"><p class=\"res-header-id\"><b>Generated Narrative: PlanDefinition ExampleRecommendation</b></p><a name=\"ExampleRecommendation\"> </a><a name=\"hcExampleRecommendation\"> </a><a name=\"hcExampleRecommendation-en-US\"> </a><p><b>url</b>: <a href=\"PlanDefinition-ExampleRecommendation.html\">PlanDefinition Recommendation</a></p><p><b>version</b>: 1.0</p><p><b>name</b>: Recommendation</p><p><b>title</b>: Recommendation</p><p><b>type</b>: <span title=\"Codes:{http://terminology.hl7.org/CodeSystem/plan-definition-type workflow-definition}\">Workflow Definition</span></p><p><b>status</b>: Active</p><p><b>experimental</b>: true</p><p><b>date</b>: 2022-02-14</p><p><b>publisher</b>: CPGonEBMonFHIR</p><p><b>description</b>: </p><div><p>Example Recommendation</p>\n</div><h3>RelatedArtifacts</h3><table class=\"grid\"><tr><td style=\"display: none\">-</td><td><b>Type</b></td><td><b>Classifier</b></td><td><b>ResourceReference</b></td></tr><tr><td style=\"display: none\">*</td><td>Justification</td><td><span title=\"Codes:{https://www.netzwerk-universitaetsmedizin.de/fhir/cpg-on-ebm-on-fhir/CodeSystem/ceosys-code-system recommendation-rating}\">Recommendation rating</span></td><td><a href=\"ArtifactAssessment-ExampleRecommendationJustification.html\">ArtifactAssessment: extension = No display for Extension ,No display for Extension ; date = 2020-01-03; artifact[x] = -&gt;PlanDefinition Recommendation Plan</a></td></tr><tr><td style=\"display: none\">*</td><td>Citation</td><td><span title=\"Codes:{https://www.netzwerk-universitaetsmedizin.de/fhir/cpg-on-ebm-on-fhir/CodeSystem/ceosys-code-system guideline-recommendation}\">Clinical practice guideline recommendation</span></td><td><a href=\"Citation-ExampleRecommendationCitation.html\">Citation ExampleRecommendationCitation</a></td></tr><tr><td style=\"display: none\">*</td><td>Citation</td><td><span title=\"Codes:{https://www.netzwerk-universitaetsmedizin.de/fhir/cpg-on-ebm-on-fhir/CodeSystem/ceosys-code-system clinical-practice-guideline}\">Clinical practice guideline</span></td><td><a href=\"Citation-ExampleGuidelineCitation.html\">Citation ExampleGuidelineCitation</a></td></tr></table><blockquote><p><b>action</b></p><p><b>title</b>: example recommendation</p><p><b>description</b>: </p><div><p>Example recommendation</p>\n</div><p><b>code</b>: <span title=\"Codes:{http://hl7.org/fhir/uv/cpg/CodeSystem/cpg-common-process guideline-based-care}\">Guideline-based Care</span></p><p><b>definition</b>: <a href=\"PlanDefinition-ExampleRecommendationPlan.html\">Recommendation Plan</a></p></blockquote><blockquote><p><b>action</b></p><p><b>title</b>: example recommendation</p><p><b>description</b>: </p><div><p>Example recommendation</p>\n</div><p><b>code</b>: <span title=\"Codes:{http://hl7.org/fhir/uv/cpg/CodeSystem/cpg-common-process guideline-based-care}\">Guideline-based Care</span></p><p><b>definition</b>: <a href=\"PlanDefinition-ExampleRecommendationPlan.html\">Recommendation Plan</a></p></blockquote></div>"
  },
  "extension" : [{
    "url" : "http://hl7.org/fhir/uv/cpg/StructureDefinition/cpg-knowledgeCapability",
    "valueCode" : "computable"
  },
  {
    "url" : "http://hl7.org/fhir/uv/cpg/StructureDefinition/cpg-knowledgeRepresentationLevel",
    "valueCode" : "structured"
  },
  {
    "extension" : [{
      "url" : "method",
      "valueCodeableConcept" : {
        "coding" : [{
          "system" : "https://www.netzwerk-universitaetsmedizin.de/fhir/cpg-on-ebm-on-fhir/CodeSystem/cs-action-combination-method",
          "code" : "at-least"
        }]
      }
    },
    {
      "url" : "threshold",
      "valuePositiveInt" : 2
    }],
    "url" : "https://www.netzwerk-universitaetsmedizin.de/fhir/cpg-on-ebm-on-fhir/StructureDefinition/ext-action-combination-method"
  }],
  "url" : "https://www.netzwerk-universitaetsmedizin.de/fhir/cpg-on-ebm-on-fhir/example/recommendation-plan/example-recommendation",
  "version" : "1.0",
  "name" : "Recommendation",
  "title" : "Recommendation",
  "type" : {
    "coding" : [{
      "system" : "http://terminology.hl7.org/CodeSystem/plan-definition-type",
      "code" : "workflow-definition"
    }]
  },
  "status" : "active",
  "experimental" : true,
  "date" : "2022-02-14",
  "publisher" : "CPGonEBMonFHIR",
  "description" : "Example Recommendation",
  "relatedArtifact" : [{
    "type" : "justification",
    "classifier" : [{
      "coding" : [{
        "system" : "https://www.netzwerk-universitaetsmedizin.de/fhir/cpg-on-ebm-on-fhir/CodeSystem/ceosys-code-system",
        "code" : "recommendation-rating",
        "display" : "Recommendation rating"
      }]
    }],
    "resourceReference" : {
      "reference" : "ArtifactAssessment/ExampleRecommendationJustification"
    }
  },
  {
    "type" : "citation",
    "classifier" : [{
      "coding" : [{
        "system" : "https://www.netzwerk-universitaetsmedizin.de/fhir/cpg-on-ebm-on-fhir/CodeSystem/ceosys-code-system",
        "code" : "guideline-recommendation",
        "display" : "Clinical practice guideline recommendation"
      }]
    }],
    "resourceReference" : {
      "reference" : "Citation/ExampleRecommendationCitation"
    }
  },
  {
    "type" : "citation",
    "classifier" : [{
      "coding" : [{
        "system" : "https://www.netzwerk-universitaetsmedizin.de/fhir/cpg-on-ebm-on-fhir/CodeSystem/ceosys-code-system",
        "code" : "clinical-practice-guideline",
        "display" : "Clinical practice guideline"
      }]
    }],
    "resourceReference" : {
      "reference" : "Citation/ExampleGuidelineCitation"
    }
  }],
  "action" : [{
    "title" : "example recommendation",
    "description" : "Example recommendation",
    "code" : {
      "coding" : [{
        "system" : "http://hl7.org/fhir/uv/cpg/CodeSystem/cpg-common-process",
        "code" : "guideline-based-care"
      }]
    },
    "definitionCanonical" : "https://www.netzwerk-universitaetsmedizin.de/fhir/cpg-on-ebm-on-fhir/example/recommendation-plan/example-recommendation-plan"
  },
  {
    "title" : "example recommendation",
    "description" : "Example recommendation",
    "code" : {
      "coding" : [{
        "system" : "http://hl7.org/fhir/uv/cpg/CodeSystem/cpg-common-process",
        "code" : "guideline-based-care"
      }]
    },
    "definitionCanonical" : "https://www.netzwerk-universitaetsmedizin.de/fhir/cpg-on-ebm-on-fhir/example/recommendation-plan/example-recommendation-plan"
  }]
}