{
  "resourceType" : "ValueSet",
  "id" : "vs-assessment-scales",
  "meta" : {
    "profile" : ["http://hl7.org/fhir/uv/cpg/StructureDefinition/cpg-computablevalueset"]
  },
  "text" : {
    "status" : "generated",
    "div" : "<div xmlns=\"http://www.w3.org/1999/xhtml\"><p class=\"res-header-id\"><b>Generated Narrative: ValueSet vs-assessment-scales</b></p><a name=\"vs-assessment-scales\"> </a><a name=\"hcvs-assessment-scales\"> </a><a name=\"hcvs-assessment-scales-en-US\"> </a><p>This value set includes codes based on the following rules:</p><ul><li>Include codes from<a href=\"http://www.snomed.org/\"><code>http://snomed.info/sct</code></a> where concept  is-a 273249006 (Assessment scales)</li><li>Include codes from<a href=\"http://www.snomed.org/\"><code>http://snomed.info/sct</code></a> where concept  is-a 273249006 (Assessment scales)</li><li>Include codes from<a href=\"http://www.snomed.org/\"><code>http://snomed.info/sct</code></a> where concept  is-a 273249006 (Assessment scales)</li><li>Include these codes as defined in <a href=\"http://loinc.org\"><code>http://loinc.org</code></a><table class=\"none\"><tr><td style=\"white-space:nowrap\"><b>Code</b></td><td><b>Display</b></td></tr><tr><td><a href=\"https://loinc.org/72514-3/\">72514-3</a></td><td>Pain severity - 0-10 verbal numeric rating [Score] - Reported</td></tr><tr><td><a href=\"https://loinc.org/54627-5/\">54627-5</a></td><td>Signs and symptoms of delirium (from CAM)</td></tr></table></li><li>Include codes from<a href=\"http://loinc.org\"><code>http://loinc.org</code></a> where PROPERTY  = Score</li></ul></div>"
  },
  "extension" : [{
    "url" : "http://hl7.org/fhir/uv/cpg/StructureDefinition/cpg-knowledgeCapability",
    "valueCode" : "shareable"
  },
  {
    "url" : "http://hl7.org/fhir/uv/cpg/StructureDefinition/cpg-knowledgeCapability",
    "valueCode" : "computable"
  },
  {
    "url" : "http://hl7.org/fhir/uv/cpg/StructureDefinition/cpg-knowledgeCapability",
    "valueCode" : "publishable"
  },
  {
    "url" : "http://hl7.org/fhir/uv/cpg/StructureDefinition/cpg-knowledgeRepresentationLevel",
    "valueCode" : "structured"
  }],
  "url" : "https://www.netzwerk-universitaetsmedizin.de/fhir/cpg-on-ebm-on-fhir/ValueSet/vs-assessment-scales",
  "version" : "0.1.0",
  "name" : "AssessmentScales",
  "title" : "Assessment Scales",
  "status" : "draft",
  "date" : "2023-10-13",
  "publisher" : "Netzwerk Universitätsmedizin (NUM)",
  "contact" : [{
    "telecom" : [{
      "system" : "url",
      "value" : "https://www.netzwerk-universitaetsmedizin.de"
    }]
  }],
  "description" : "Codes for assessment scales (scores etc.)",
  "compose" : {
    "include" : [{
      "system" : "http://snomed.info/sct",
      "filter" : [{
        "property" : "concept",
        "op" : "is-a",
        "value" : "273249006"
      }]
    },
    {
      "system" : "http://snomed.info/sct",
      "version" : "http://snomed.info/sct/731000124108/version/20230901",
      "filter" : [{
        "property" : "concept",
        "op" : "is-a",
        "value" : "273249006"
      }]
    },
    {
      "system" : "http://snomed.info/sct",
      "version" : "http://snomed.info/sct/900000000000207008/version/20240201",
      "filter" : [{
        "property" : "concept",
        "op" : "is-a",
        "value" : "273249006"
      }]
    },
    {
      "system" : "http://loinc.org",
      "concept" : [{
        "code" : "72514-3",
        "display" : "Pain severity - 0-10 verbal numeric rating [Score] - Reported"
      },
      {
        "code" : "54627-5",
        "display" : "Signs and symptoms of delirium (from CAM)"
      }]
    },
    {
      "system" : "http://loinc.org",
      "filter" : [{
        "property" : "PROPERTY",
        "op" : "=",
        "value" : "Score"
      }]
    }]
  }
}